﻿Quarter,Q Bonus,Emp Code,Nationality,Gender,Hire Date,Department,State,Exempt or Non-exempt,401(K) Enrollment Y/N,Salary,Merit Increase,Q1 Bonus,Q2 Bonus,Q3 Bonus,Q4 Bonus,Name
4,4063,1,USA,Male,7/12/2012,Finance,California,Exempt,No,111573,0.074647367,4883,3102,4891,4063, Alexander Ferguson
2,3102,1,USA,Male,7/12/2012,Finance,California,Exempt,No,111573,0.074647367,4883,3102,4891,4063, Alexander Ferguson
3,4891,1,USA,Male,7/12/2012,Finance,California,Exempt,No,111573,0.074647367,4883,3102,4891,4063, Alexander Ferguson
1,4883,1,USA,Male,7/12/2012,Finance,California,Exempt,No,111573,0.074647367,4883,3102,4891,4063, Alexander Ferguson
4,2691,2,Indian,Male,11/22/2006,Legal,California,Exempt,No,101985,0.025552591,3305,1450,4032,2691, Alonzo Oliver
2,1450,2,Indian,Male,11/22/2006,Legal,California,Exempt,No,101985,0.025552591,3305,1450,4032,2691, Alonzo Oliver
3,4032,2,Indian,Male,11/22/2006,Legal,California,Exempt,No,101985,0.025552591,3305,1450,4032,2691, Alonzo Oliver
1,3305,2,Indian,Male,11/22/2006,Legal,California,Exempt,No,101985,0.025552591,3305,1450,4032,2691, Alonzo Oliver
4,4508,3,Indian,Male,7/9/2010,Operation,California,Non-exempt,Yes,89250,0.074744835,3670,4208,2564,4508, Ryan Owens
2,4208,3,Indian,Male,7/9/2010,Operation,California,Non-exempt,Yes,89250,0.074744835,3670,4208,2564,4508, Ryan Owens
3,2564,3,Indian,Male,7/9/2010,Operation,California,Non-exempt,Yes,89250,0.074744835,3670,4208,2564,4508, Ryan Owens
1,3670,3,Indian,Male,7/9/2010,Operation,California,Non-exempt,Yes,89250,0.074744835,3670,4208,2564,4508, Ryan Owens
4,3414,4,Indian,Male,10/4/2011,BI,California,Non-exempt,Yes,90455,0.057261312,4696,4697,1492,3414, Vanessa Tyler
2,4697,4,Indian,Male,10/4/2011,BI,California,Non-exempt,Yes,90455,0.057261312,4696,4697,1492,3414, Vanessa Tyler
3,1492,4,Indian,Male,10/4/2011,BI,California,Non-exempt,Yes,90455,0.057261312,4696,4697,1492,3414, Vanessa Tyler
1,4696,4,Indian,Male,10/4/2011,BI,California,Non-exempt,Yes,90455,0.057261312,4696,4697,1492,3414, Vanessa Tyler
4,2172,5,China,Female,6/26/2012,Legal,California,Non-exempt,No,86950,0.207340824,2565,2455,2286,2172, Essie Matthews
2,2455,5,China,Female,6/26/2012,Legal,California,Non-exempt,No,86950,0.207340824,2565,2455,2286,2172, Essie Matthews
3,2286,5,China,Female,6/26/2012,Legal,California,Non-exempt,No,86950,0.207340824,2565,2455,2286,2172, Essie Matthews
1,2565,5,China,Female,6/26/2012,Legal,California,Non-exempt,No,86950,0.207340824,2565,2455,2286,2172, Essie Matthews
4,4555,6,Indian,Male,12/2/2012,Training,California,Non-exempt,No,83753,0.250331235,2683,2311,4016,4555, Jessie Jackson
2,2311,6,Indian,Male,12/2/2012,Training,California,Non-exempt,No,83753,0.250331235,2683,2311,4016,4555, Jessie Jackson
3,4016,6,Indian,Male,12/2/2012,Training,California,Non-exempt,No,83753,0.250331235,2683,2311,4016,4555, Jessie Jackson
1,2683,6,Indian,Male,12/2/2012,Training,California,Non-exempt,No,83753,0.250331235,2683,2311,4016,4555, Jessie Jackson
4,4504,7,Indian,Female,7/23/2015,Operation,California,Non-exempt,No,83965,,3625,4701,1403,4504, Lois Sullivan
2,4701,7,Indian,Female,7/23/2015,Operation,California,Non-exempt,No,83965,,3625,4701,1403,4504, Lois Sullivan
3,1403,7,Indian,Female,7/23/2015,Operation,California,Non-exempt,No,83965,,3625,4701,1403,4504, Lois Sullivan
1,3625,7,Indian,Female,7/23/2015,Operation,California,Non-exempt,No,83965,,3625,4701,1403,4504, Lois Sullivan
4,2031,8,Indian,Male,1/18/2007,BI,California,Exempt,No,119788,0.045,3025,2225,3886,2031, Jerald George
2,2225,8,Indian,Male,1/18/2007,BI,California,Exempt,No,119788,0.045,3025,2225,3886,2031, Jerald George
3,3886,8,Indian,Male,1/18/2007,BI,California,Exempt,No,119788,0.045,3025,2225,3886,2031, Jerald George
1,3025,8,Indian,Male,1/18/2007,BI,California,Exempt,No,119788,0.045,3025,2225,3886,2031, Jerald George
4,2847,9,China,Male,1/10/2009,Legal,California,Exempt,No,151853,0.082222222,4335,3256,3388,2847, Jan Baldwin
2,3256,9,China,Male,1/10/2009,Legal,California,Exempt,No,151853,0.082222222,4335,3256,3388,2847, Jan Baldwin
3,3388,9,China,Male,1/10/2009,Legal,California,Exempt,No,151853,0.082222222,4335,3256,3388,2847, Jan Baldwin
1,4335,9,China,Male,1/10/2009,Legal,California,Exempt,No,151853,0.082222222,4335,3256,3388,2847, Jan Baldwin
4,4438,10,Indian,Male,5/6/2010,Tech Support,California,Exempt,No,108755,0.089744875,4694,2042,1144,4438, Jessica Hayes
2,2042,10,Indian,Male,5/6/2010,Tech Support,California,Exempt,No,108755,0.089744875,4694,2042,1144,4438, Jessica Hayes
3,1144,10,Indian,Male,5/6/2010,Tech Support,California,Exempt,No,108755,0.089744875,4694,2042,1144,4438, Jessica Hayes
1,4694,10,Indian,Male,5/6/2010,Tech Support,California,Exempt,No,108755,0.089744875,4694,2042,1144,4438, Jessica Hayes
4,2734,11,China,Male,6/11/2013,Marketing,California,Exempt,No,104965,0.039382022,4545,1680,1978,2734, Pearl Chapman
2,1680,11,China,Male,6/11/2013,Marketing,California,Exempt,No,104965,0.039382022,4545,1680,1978,2734, Pearl Chapman
3,1978,11,China,Male,6/11/2013,Marketing,California,Exempt,No,104965,0.039382022,4545,1680,1978,2734, Pearl Chapman
1,4545,11,China,Male,6/11/2013,Marketing,California,Exempt,No,104965,0.039382022,4545,1680,1978,2734, Pearl Chapman
4,2321,12,Indian,Male,9/19/2013,HR,California,Exempt,Yes,112065,0.077435897,4107,4188,2909,2321, Kelly Lewis
2,4188,12,Indian,Male,9/19/2013,HR,California,Exempt,Yes,112065,0.077435897,4107,4188,2909,2321, Kelly Lewis
3,2909,12,Indian,Male,9/19/2013,HR,California,Exempt,Yes,112065,0.077435897,4107,4188,2909,2321, Kelly Lewis
1,4107,12,Indian,Male,9/19/2013,HR,California,Exempt,Yes,112065,0.077435897,4107,4188,2909,2321, Kelly Lewis
4,1316,13,Indian,Male,4/9/2015,Legal,California,Exempt,No,106965,,1002,1372,3634,1316, Bruce Cummings
2,1372,13,Indian,Male,4/9/2015,Legal,California,Exempt,No,106965,,1002,1372,3634,1316, Bruce Cummings
3,3634,13,Indian,Male,4/9/2015,Legal,California,Exempt,No,106965,,1002,1372,3634,1316, Bruce Cummings
1,1002,13,Indian,Male,4/9/2015,Legal,California,Exempt,No,106965,,1002,1372,3634,1316, Bruce Cummings
4,3094,14,China,Female,2/7/2017,Tech Support,California,Exempt,Yes,105465,,2745,2103,3518,3094, Ernesto Richardson
2,2103,14,China,Female,2/7/2017,Tech Support,California,Exempt,Yes,105465,,2745,2103,3518,3094, Ernesto Richardson
3,3518,14,China,Female,2/7/2017,Tech Support,California,Exempt,Yes,105465,,2745,2103,3518,3094, Ernesto Richardson
1,2745,14,China,Female,2/7/2017,Tech Support,California,Exempt,Yes,105465,,2745,2103,3518,3094, Ernesto Richardson
4,1010,15,Indian,Female,8/14/2011,Marketing,California,Exempt,No,112410,0.071477030,2091,1771,2770,1010, Tracey Fuller
2,1771,15,Indian,Female,8/14/2011,Marketing,California,Exempt,No,112410,0.071477030,2091,1771,2770,1010, Tracey Fuller
3,2770,15,Indian,Female,8/14/2011,Marketing,California,Exempt,No,112410,0.071477030,2091,1771,2770,1010, Tracey Fuller
1,2091,15,Indian,Female,8/14/2011,Marketing,California,Exempt,No,112410,0.071477030,2091,1771,2770,1010, Tracey Fuller
4,4774,16,Indian,Female,9/29/2015,Sales,California,Exempt,No,120253,,1033,4452,3618,4774, Veronica Martin
2,4452,16,Indian,Female,9/29/2015,Sales,California,Exempt,No,120253,,1033,4452,3618,4774, Veronica Martin
3,3618,16,Indian,Female,9/29/2015,Sales,California,Exempt,No,120253,,1033,4452,3618,4774, Veronica Martin
1,1033,16,Indian,Female,9/29/2015,Sales,California,Exempt,No,120253,,1033,4452,3618,4774, Veronica Martin
4,2885,17,USA,Male,5/4/2010,Legal,California,Exempt,No,124008,0.02,4678,2042,1710,2885, Eunice Roberts
2,2042,17,USA,Male,5/4/2010,Legal,California,Exempt,No,124008,0.02,4678,2042,1710,2885, Eunice Roberts
3,1710,17,USA,Male,5/4/2010,Legal,California,Exempt,No,124008,0.02,4678,2042,1710,2885, Eunice Roberts
1,4678,17,USA,Male,5/4/2010,Legal,California,Exempt,No,124008,0.02,4678,2042,1710,2885, Eunice Roberts
4,2276,18,China,Female,7/27/2013,HR,Nevada,Exempt,Yes,156793,0.017420340,4535,4295,3094,2276, Nora Goodman
2,4295,18,China,Female,7/27/2013,HR,Nevada,Exempt,Yes,156793,0.017420340,4535,4295,3094,2276, Nora Goodman
3,3094,18,China,Female,7/27/2013,HR,Nevada,Exempt,Yes,156793,0.017420340,4535,4295,3094,2276, Nora Goodman
1,4535,18,China,Female,7/27/2013,HR,Nevada,Exempt,Yes,156793,0.017420340,4535,4295,3094,2276, Nora Goodman
4,4007,19,Indian,Female,1/22/2016,Marketing,Nevada,Non-exempt,No,93230,,1368,2731,1340,4007, Rosemary Reed
2,2731,19,Indian,Female,1/22/2016,Marketing,Nevada,Non-exempt,No,93230,,1368,2731,1340,4007, Rosemary Reed
3,1340,19,Indian,Female,1/22/2016,Marketing,Nevada,Non-exempt,No,93230,,1368,2731,1340,4007, Rosemary Reed
1,1368,19,Indian,Female,1/22/2016,Marketing,Nevada,Non-exempt,No,93230,,1368,2731,1340,4007, Rosemary Reed
4,3361,20,Indian,Male,4/9/2013,Operation,Nevada,Exempt,No,216413,0.06,2578,1911,2573,3361, Hattie Estrada
2,1911,20,Indian,Male,4/9/2013,Operation,Nevada,Exempt,No,216413,0.06,2578,1911,2573,3361, Hattie Estrada
3,2573,20,Indian,Male,4/9/2013,Operation,Nevada,Exempt,No,216413,0.06,2578,1911,2573,3361, Hattie Estrada
1,2578,20,Indian,Male,4/9/2013,Operation,Nevada,Exempt,No,216413,0.06,2578,1911,2573,3361, Hattie Estrada
4,4368,21,Indian,Male,5/3/2007,Tech Support,Nevada,Exempt,No,101470,0.04,2744,3608,4490,4368, Aubrey Stokes
2,3608,21,Indian,Male,5/3/2007,Tech Support,Nevada,Exempt,No,101470,0.04,2744,3608,4490,4368, Aubrey Stokes
3,4490,21,Indian,Male,5/3/2007,Tech Support,Nevada,Exempt,No,101470,0.04,2744,3608,4490,4368, Aubrey Stokes
1,2744,21,Indian,Male,5/3/2007,Tech Support,Nevada,Exempt,No,101470,0.04,2744,3608,4490,4368, Aubrey Stokes
4,2869,22,Indian,Male,5/28/2008,Legal,Nevada,Exempt,No,107950,0.070860656,4107,1521,1777,2869, Cedric Erickson
2,1521,22,Indian,Male,5/28/2008,Legal,Nevada,Exempt,No,107950,0.070860656,4107,1521,1777,2869, Cedric Erickson
3,1777,22,Indian,Male,5/28/2008,Legal,Nevada,Exempt,No,107950,0.070860656,4107,1521,1777,2869, Cedric Erickson
1,4107,22,Indian,Male,5/28/2008,Legal,Nevada,Exempt,No,107950,0.070860656,4107,1521,1777,2869, Cedric Erickson
4,3581,23,China,Male,11/28/2009,HR,Nevada,Exempt,No,98688,0.062044978,1353,2860,2245,3581, Hugo Welch
2,2860,23,China,Male,11/28/2009,HR,Nevada,Exempt,No,98688,0.062044978,1353,2860,2245,3581, Hugo Welch
3,2245,23,China,Male,11/28/2009,HR,Nevada,Exempt,No,98688,0.062044978,1353,2860,2245,3581, Hugo Welch
1,1353,23,China,Male,11/28/2009,HR,Nevada,Exempt,No,98688,0.062044978,1353,2860,2245,3581, Hugo Welch
4,4260,24,China,Male,1/18/2011,BI,Nevada,Exempt,Yes,97445,0.041605655,2756,2865,4009,4260, Louis Sims
2,2865,24,China,Male,1/18/2011,BI,Nevada,Exempt,Yes,97445,0.041605655,2756,2865,4009,4260, Louis Sims
3,4009,24,China,Male,1/18/2011,BI,Nevada,Exempt,Yes,97445,0.041605655,2756,2865,4009,4260, Louis Sims
1,2756,24,China,Male,1/18/2011,BI,Nevada,Exempt,Yes,97445,0.041605655,2756,2865,4009,4260, Louis Sims
4,2063,25,Indian,Male,6/17/2011,Marketing,Nevada,Non-exempt,No,138143,0.034847486,1036,1547,3246,2063, Bessie Freeman
2,1547,25,Indian,Male,6/17/2011,Marketing,Nevada,Non-exempt,No,138143,0.034847486,1036,1547,3246,2063, Bessie Freeman
3,3246,25,Indian,Male,6/17/2011,Marketing,Nevada,Non-exempt,No,138143,0.034847486,1036,1547,3246,2063, Bessie Freeman
1,1036,25,Indian,Male,6/17/2011,Marketing,Nevada,Non-exempt,No,138143,0.034847486,1036,1547,3246,2063, Bessie Freeman
4,2442,26,Indian,Female,7/6/2011,Tech Support,Nevada,Non-exempt,No,89500,0.044761381,2178,3524,1700,2442, Inez Bell
2,3524,26,Indian,Female,7/6/2011,Tech Support,Nevada,Non-exempt,No,89500,0.044761381,2178,3524,1700,2442, Inez Bell
3,1700,26,Indian,Female,7/6/2011,Tech Support,Nevada,Non-exempt,No,89500,0.044761381,2178,3524,1700,2442, Inez Bell
1,2178,26,Indian,Female,7/6/2011,Tech Support,Nevada,Non-exempt,No,89500,0.044761381,2178,3524,1700,2442, Inez Bell
4,1305,27,Indian,Male,7/9/2010,Legal,Nevada,Exempt,No,98965,0.146081615,3201,4961,4972,1305, Kurt Jones
2,4961,27,Indian,Male,7/9/2010,Legal,Nevada,Exempt,No,98965,0.146081615,3201,4961,4972,1305, Kurt Jones
3,4972,27,Indian,Male,7/9/2010,Legal,Nevada,Exempt,No,98965,0.146081615,3201,4961,4972,1305, Kurt Jones
1,3201,27,Indian,Male,7/9/2010,Legal,Nevada,Exempt,No,98965,0.146081615,3201,4961,4972,1305, Kurt Jones
4,3469,28,Indian,Male,10/12/2010,Legal,Nevada,Non-exempt,No,94965,0.195530066,4082,4620,3616,3469, Christie Fields
2,4620,28,Indian,Male,10/12/2010,Legal,Nevada,Non-exempt,No,94965,0.195530066,4082,4620,3616,3469, Christie Fields
3,3616,28,Indian,Male,10/12/2010,Legal,Nevada,Non-exempt,No,94965,0.195530066,4082,4620,3616,3469, Christie Fields
1,4082,28,Indian,Male,10/12/2010,Legal,Nevada,Non-exempt,No,94965,0.195530066,4082,4620,3616,3469, Christie Fields
4,1758,29,Indian,Female,9/6/2010,HR,Nevada,Non-exempt,Yes,93950,0.210312971,2995,4663,3768,1758, Helen Hughes
2,4663,29,Indian,Female,9/6/2010,HR,Nevada,Non-exempt,Yes,93950,0.210312971,2995,4663,3768,1758, Helen Hughes
3,3768,29,Indian,Female,9/6/2010,HR,Nevada,Non-exempt,Yes,93950,0.210312971,2995,4663,3768,1758, Helen Hughes
1,2995,29,Indian,Female,9/6/2010,HR,Nevada,Non-exempt,Yes,93950,0.210312971,2995,4663,3768,1758, Helen Hughes
4,3887,30,Indian,Male,11/11/2010,Marketing,Nevada,Non-exempt,No,89440,0.047261312,4675,2324,2172,3887, April Logan
2,2324,30,Indian,Male,11/11/2010,Marketing,Nevada,Non-exempt,No,89440,0.047261312,4675,2324,2172,3887, April Logan
3,2172,30,Indian,Male,11/11/2010,Marketing,Nevada,Non-exempt,No,89440,0.047261312,4675,2324,2172,3887, April Logan
1,4675,30,Indian,Male,11/11/2010,Marketing,Nevada,Non-exempt,No,89440,0.047261312,4675,2324,2172,3887, April Logan
4,4344,31,China,Male,2/28/2011,Tech Support,Nevada,Non-exempt,No,90743,0.0745,1515,3853,4984,4344, Geraldine Wolfe
2,3853,31,China,Male,2/28/2011,Tech Support,Nevada,Non-exempt,No,90743,0.0745,1515,3853,4984,4344, Geraldine Wolfe
3,4984,31,China,Male,2/28/2011,Tech Support,Nevada,Non-exempt,No,90743,0.0745,1515,3853,4984,4344, Geraldine Wolfe
1,1515,31,China,Male,2/28/2011,Tech Support,Nevada,Non-exempt,No,90743,0.0745,1515,3853,4984,4344, Geraldine Wolfe
4,1057,32,China,Male,4/14/2011,Training,Nevada,Non-exempt,Yes,87965,0.210430989,4590,2097,1794,1057, Clifford Pratt
2,2097,32,China,Male,4/14/2011,Training,Nevada,Non-exempt,Yes,87965,0.210430989,4590,2097,1794,1057, Clifford Pratt
3,1794,32,China,Male,4/14/2011,Training,Nevada,Non-exempt,Yes,87965,0.210430989,4590,2097,1794,1057, Clifford Pratt
1,4590,32,China,Male,4/14/2011,Training,Nevada,Non-exempt,Yes,87965,0.210430989,4590,2097,1794,1057, Clifford Pratt
4,1311,33,China,Male,5/12/2011,Legal,Nevada,Non-exempt,No,89753,0.079231515,3115,3559,4255,1311, Constance Knight
2,3559,33,China,Male,5/12/2011,Legal,Nevada,Non-exempt,No,89753,0.079231515,3115,3559,4255,1311, Constance Knight
3,4255,33,China,Male,5/12/2011,Legal,Nevada,Non-exempt,No,89753,0.079231515,3115,3559,4255,1311, Constance Knight
1,3115,33,China,Male,5/12/2011,Legal,Nevada,Non-exempt,No,89753,0.079231515,3115,3559,4255,1311, Constance Knight
4,2823,34,China,Male,6/30/2011,Sales,Nevada,Non-exempt,No,88145,0.104507451,3912,3834,1474,2823, Adam Frazier
2,3834,34,China,Male,6/30/2011,Sales,Nevada,Non-exempt,No,88145,0.104507451,3912,3834,1474,2823, Adam Frazier
3,1474,34,China,Male,6/30/2011,Sales,Nevada,Non-exempt,No,88145,0.104507451,3912,3834,1474,2823, Adam Frazier
1,3912,34,China,Male,6/30/2011,Sales,Nevada,Non-exempt,No,88145,0.104507451,3912,3834,1474,2823, Adam Frazier
4,4027,35,China,Male,12/1/2011,Marketing,Nevada,Non-exempt,No,136753,0.1871,3399,4813,1709,4027, Mable Adkins
2,4813,35,China,Male,12/1/2011,Marketing,Nevada,Non-exempt,No,136753,0.1871,3399,4813,1709,4027, Mable Adkins
3,1709,35,China,Male,12/1/2011,Marketing,Nevada,Non-exempt,No,136753,0.1871,3399,4813,1709,4027, Mable Adkins
1,3399,35,China,Male,12/1/2011,Marketing,Nevada,Non-exempt,No,136753,0.1871,3399,4813,1709,4027, Mable Adkins
4,2009,36,China,Male,5/24/2012,Operation,Nevada,Exempt,No,101570,0.037146119,4800,3797,3613,2009, Patsy Simpson
2,3797,36,China,Male,5/24/2012,Operation,Nevada,Exempt,No,101570,0.037146119,4800,3797,3613,2009, Patsy Simpson
3,3613,36,China,Male,5/24/2012,Operation,Nevada,Exempt,No,101570,0.037146119,4800,3797,3613,2009, Patsy Simpson
1,4800,36,China,Male,5/24/2012,Operation,Nevada,Exempt,No,101570,0.037146119,4800,3797,3613,2009, Patsy Simpson
4,2340,37,China,Male,8/30/2012,Tech Support,Nevada,Exempt,No,147253,0.053869544,2066,3008,1943,2340, Byron Robbins
2,3008,37,China,Male,8/30/2012,Tech Support,Nevada,Exempt,No,147253,0.053869544,2066,3008,1943,2340, Byron Robbins
3,1943,37,China,Male,8/30/2012,Tech Support,Nevada,Exempt,No,147253,0.053869544,2066,3008,1943,2340, Byron Robbins
1,2066,37,China,Male,8/30/2012,Tech Support,Nevada,Exempt,No,147253,0.053869544,2066,3008,1943,2340, Byron Robbins
4,2790,38,Indian,Male,12/6/2012,Legal,Nevada,Exempt,No,148058,0.04,3998,1694,2146,2790, Sharon Gilbert
2,1694,38,Indian,Male,12/6/2012,Legal,Nevada,Exempt,No,148058,0.04,3998,1694,2146,2790, Sharon Gilbert
3,2146,38,Indian,Male,12/6/2012,Legal,Nevada,Exempt,No,148058,0.04,3998,1694,2146,2790, Sharon Gilbert
1,3998,38,Indian,Male,12/6/2012,Legal,Nevada,Exempt,No,148058,0.04,3998,1694,2146,2790, Sharon Gilbert
4,4222,39,Indian,Female,12/19/2013,Sales,Nevada,Non-exempt,No,85950,0.109279101,2749,2726,2509,4222, Jody Douglas
2,2726,39,Indian,Female,12/19/2013,Sales,Nevada,Non-exempt,No,85950,0.109279101,2749,2726,2509,4222, Jody Douglas
3,2509,39,Indian,Female,12/19/2013,Sales,Nevada,Non-exempt,No,85950,0.109279101,2749,2726,2509,4222, Jody Douglas
1,2749,39,Indian,Female,12/19/2013,Sales,Nevada,Non-exempt,No,85950,0.109279101,2749,2726,2509,4222, Jody Douglas
4,3282,40,Indian,Female,5/22/2015,BI,Nevada,Non-exempt,No,83038,,3104,3964,2325,3282, Katrina Patrick
2,3964,40,Indian,Female,5/22/2015,BI,Nevada,Non-exempt,No,83038,,3104,3964,2325,3282, Katrina Patrick
3,2325,40,Indian,Female,5/22/2015,BI,Nevada,Non-exempt,No,83038,,3104,3964,2325,3282, Katrina Patrick
1,3104,40,Indian,Female,5/22/2015,BI,Nevada,Non-exempt,No,83038,,3104,3964,2325,3282, Katrina Patrick
4,3558,41,Indian,Male,7/16/2015,Marketing,Nevada,Non-exempt,No,130301,,3867,4369,3531,3558, Justin Massey
2,4369,41,Indian,Male,7/16/2015,Marketing,Nevada,Non-exempt,No,130301,,3867,4369,3531,3558, Justin Massey
3,3531,41,Indian,Male,7/16/2015,Marketing,Nevada,Non-exempt,No,130301,,3867,4369,3531,3558, Justin Massey
1,3867,41,Indian,Male,7/16/2015,Marketing,Nevada,Non-exempt,No,130301,,3867,4369,3531,3558, Justin Massey
4,3461,42,Indian,Female,12/21/2015,Tech Support,Nevada,Non-exempt,No,140285,,2737,3380,4647,3461, Dale Diaz
2,3380,42,Indian,Female,12/21/2015,Tech Support,Nevada,Non-exempt,No,140285,,2737,3380,4647,3461, Dale Diaz
3,4647,42,Indian,Female,12/21/2015,Tech Support,Nevada,Non-exempt,No,140285,,2737,3380,4647,3461, Dale Diaz
1,2737,42,Indian,Female,12/21/2015,Tech Support,Nevada,Non-exempt,No,140285,,2737,3380,4647,3461, Dale Diaz
4,1940,43,Indian,Male,6/4/2006,Legal,Nevada,Exempt,No,103535,0.077234880,4412,4140,1283,1940, Mandy Carr
2,4140,43,Indian,Male,6/4/2006,Legal,Nevada,Exempt,No,103535,0.077234880,4412,4140,1283,1940, Mandy Carr
3,1283,43,Indian,Male,6/4/2006,Legal,Nevada,Exempt,No,103535,0.077234880,4412,4140,1283,1940, Mandy Carr
1,4412,43,Indian,Male,6/4/2006,Legal,Nevada,Exempt,No,103535,0.077234880,4412,4140,1283,1940, Mandy Carr
4,4204,44,Indian,Male,6/10/2006,Legal,Nevada,Exempt,No,109450,0.050386431,4932,1805,2586,4204, Maurice Kelly
2,1805,44,Indian,Male,6/10/2006,Legal,Nevada,Exempt,No,109450,0.050386431,4932,1805,2586,4204, Maurice Kelly
3,2586,44,Indian,Male,6/10/2006,Legal,Nevada,Exempt,No,109450,0.050386431,4932,1805,2586,4204, Maurice Kelly
1,4932,44,Indian,Male,6/10/2006,Legal,Nevada,Exempt,No,109450,0.050386431,4932,1805,2586,4204, Maurice Kelly
4,1924,45,Indian,Male,8/21/2006,Sales,Nevada,Exempt,No,161253,0.050833333,3181,2883,1526,1924, Neil Day
2,2883,45,Indian,Male,8/21/2006,Sales,Nevada,Exempt,No,161253,0.050833333,3181,2883,1526,1924, Neil Day
3,1526,45,Indian,Male,8/21/2006,Sales,Nevada,Exempt,No,161253,0.050833333,3181,2883,1526,1924, Neil Day
1,3181,45,Indian,Male,8/21/2006,Sales,Nevada,Exempt,No,161253,0.050833333,3181,2883,1526,1924, Neil Day
4,1509,46,Indian,Male,5/12/2007,Marketing,Nevada,Exempt,Yes,109710,0.091120952,2536,1320,2188,1509, Kayla Ellis
2,1320,46,Indian,Male,5/12/2007,Marketing,Nevada,Exempt,Yes,109710,0.091120952,2536,1320,2188,1509, Kayla Ellis
3,2188,46,Indian,Male,5/12/2007,Marketing,Nevada,Exempt,Yes,109710,0.091120952,2536,1320,2188,1509, Kayla Ellis
1,2536,46,Indian,Male,5/12/2007,Marketing,Nevada,Exempt,Yes,109710,0.091120952,2536,1320,2188,1509, Kayla Ellis
4,1461,47,Indian,Male,8/28/2007,Tech Support,Nevada,Exempt,No,156003,0.04,4966,2277,1308,1461, Laurie Cannon
2,2277,47,Indian,Male,8/28/2007,Tech Support,Nevada,Exempt,No,156003,0.04,4966,2277,1308,1461, Laurie Cannon
3,1308,47,Indian,Male,8/28/2007,Tech Support,Nevada,Exempt,No,156003,0.04,4966,2277,1308,1461, Laurie Cannon
1,4966,47,Indian,Male,8/28/2007,Tech Support,Nevada,Exempt,No,156003,0.04,4966,2277,1308,1461, Laurie Cannon
4,3287,48,Indian,Female,7/15/2007,Tech Support,Nevada,Exempt,No,104138,0.025,1336,1894,3790,3287, Elena Lee
2,1894,48,Indian,Female,7/15/2007,Tech Support,Nevada,Exempt,No,104138,0.025,1336,1894,3790,3287, Elena Lee
3,3790,48,Indian,Female,7/15/2007,Tech Support,Nevada,Exempt,No,104138,0.025,1336,1894,3790,3287, Elena Lee
1,1336,48,Indian,Female,7/15/2007,Tech Support,Nevada,Exempt,No,104138,0.025,1336,1894,3790,3287, Elena Lee
4,2770,49,Japan,Male,10/9/2008,Legal,Nevada,Exempt,No,96845,0.01,1146,3984,1204,2770, Brandi Bishop
2,3984,49,Japan,Male,10/9/2008,Legal,Nevada,Exempt,No,96845,0.01,1146,3984,1204,2770, Brandi Bishop
3,1204,49,Japan,Male,10/9/2008,Legal,Nevada,Exempt,No,96845,0.01,1146,3984,1204,2770, Brandi Bishop
1,1146,49,Japan,Male,10/9/2008,Legal,Nevada,Exempt,No,96845,0.01,1146,3984,1204,2770, Brandi Bishop
4,4321,50,Indian,Male,12/4/2008,Finance,Nevada,Exempt,No,101275,0.035469835,2522,3010,3232,4321, Lewis Cox
2,3010,50,Indian,Male,12/4/2008,Finance,Nevada,Exempt,No,101275,0.035469835,2522,3010,3232,4321, Lewis Cox
3,3232,50,Indian,Male,12/4/2008,Finance,Nevada,Exempt,No,101275,0.035469835,2522,3010,3232,4321, Lewis Cox
1,2522,50,Indian,Male,12/4/2008,Finance,Nevada,Exempt,No,101275,0.035469835,2522,3010,3232,4321, Lewis Cox
4,4820,51,Indian,Male,9/17/2009,Marketing,Nevada,Exempt,No,127893,0.039797297,2965,4489,3665,4820, Aaron Garner
2,4489,51,Indian,Male,9/17/2009,Marketing,Nevada,Exempt,No,127893,0.039797297,2965,4489,3665,4820, Aaron Garner
3,3665,51,Indian,Male,9/17/2009,Marketing,Nevada,Exempt,No,127893,0.039797297,2965,4489,3665,4820, Aaron Garner
1,2965,51,Indian,Male,9/17/2009,Marketing,Nevada,Exempt,No,127893,0.039797297,2965,4489,3665,4820, Aaron Garner
4,4277,52,Japan,Male,4/26/2010,Marketing,Nevada,Exempt,No,97099,0.1047,1690,1742,3336,4277, Chris Watson
2,1742,52,Japan,Male,4/26/2010,Marketing,Nevada,Exempt,No,97099,0.1047,1690,1742,3336,4277, Chris Watson
3,3336,52,Japan,Male,4/26/2010,Marketing,Nevada,Exempt,No,97099,0.1047,1690,1742,3336,4277, Chris Watson
1,1690,52,Japan,Male,4/26/2010,Marketing,Nevada,Exempt,No,97099,0.1047,1690,1742,3336,4277, Chris Watson
4,3747,53,Indian,Male,7/28/2010,Tech Support,Nevada,Exempt,No,150623,0.108846287,3639,4287,4248,3747, Terence Bennett
2,4287,53,Indian,Male,7/28/2010,Tech Support,Nevada,Exempt,No,150623,0.108846287,3639,4287,4248,3747, Terence Bennett
3,4248,53,Indian,Male,7/28/2010,Tech Support,Nevada,Exempt,No,150623,0.108846287,3639,4287,4248,3747, Terence Bennett
1,3639,53,Indian,Male,7/28/2010,Tech Support,Nevada,Exempt,No,150623,0.108846287,3639,4287,4248,3747, Terence Bennett
4,3055,54,Japan,Male,7/4/2010,Legal,Nevada,Exempt,No,111253,0.048556919,2240,4571,1621,3055, Kay Singleton
2,4571,54,Japan,Male,7/4/2010,Legal,Nevada,Exempt,No,111253,0.048556919,2240,4571,1621,3055, Kay Singleton
3,1621,54,Japan,Male,7/4/2010,Legal,Nevada,Exempt,No,111253,0.048556919,2240,4571,1621,3055, Kay Singleton
1,2240,54,Japan,Male,7/4/2010,Legal,Nevada,Exempt,No,111253,0.048556919,2240,4571,1621,3055, Kay Singleton
4,3527,55,Indian,Male,12/2/2011,Finance,Nevada,Exempt,Yes,106408,0.087225305,2283,3642,1958,3527, Melvin Fox
2,3642,55,Indian,Male,12/2/2011,Finance,Nevada,Exempt,Yes,106408,0.087225305,2283,3642,1958,3527, Melvin Fox
3,1958,55,Indian,Male,12/2/2011,Finance,Nevada,Exempt,Yes,106408,0.087225305,2283,3642,1958,3527, Melvin Fox
1,2283,55,Indian,Male,12/2/2011,Finance,Nevada,Exempt,Yes,106408,0.087225305,2283,3642,1958,3527, Melvin Fox
4,2644,56,Japan,Male,1/5/2012,HR,Nevada,Exempt,No,154103,0.02,4256,2254,3306,2644, Tyler Haynes
2,2254,56,Japan,Male,1/5/2012,HR,Nevada,Exempt,No,154103,0.02,4256,2254,3306,2644, Tyler Haynes
3,3306,56,Japan,Male,1/5/2012,HR,Nevada,Exempt,No,154103,0.02,4256,2254,3306,2644, Tyler Haynes
1,4256,56,Japan,Male,1/5/2012,HR,Nevada,Exempt,No,154103,0.02,4256,2254,3306,2644, Tyler Haynes
4,4577,57,Japan,Female,6/9/2012,Marketing,Nevada,Exempt,Yes,110563,0.035829510,1211,3304,4556,4577, Beth Henderson
2,3304,57,Japan,Female,6/9/2012,Marketing,Nevada,Exempt,Yes,110563,0.035829510,1211,3304,4556,4577, Beth Henderson
3,4556,57,Japan,Female,6/9/2012,Marketing,Nevada,Exempt,Yes,110563,0.035829510,1211,3304,4556,4577, Beth Henderson
1,1211,57,Japan,Female,6/9/2012,Marketing,Nevada,Exempt,Yes,110563,0.035829510,1211,3304,4556,4577, Beth Henderson
4,2985,58,Indian,Female,6/14/2012,Operation,Nevada,Exempt,No,108425,0.067393860,1162,4168,4358,2985, Phillip Caldwell
2,4168,58,Indian,Female,6/14/2012,Operation,Nevada,Exempt,No,108425,0.067393860,1162,4168,4358,2985, Phillip Caldwell
3,4358,58,Indian,Female,6/14/2012,Operation,Nevada,Exempt,No,108425,0.067393860,1162,4168,4358,2985, Phillip Caldwell
1,1162,58,Indian,Female,6/14/2012,Operation,Nevada,Exempt,No,108425,0.067393860,1162,4168,4358,2985, Phillip Caldwell
4,3518,59,Indian,Female,10/29/2013,Legal,Nevada,Exempt,No,156338,0.055740693,1704,2204,1516,3518, Nancy Walsh
2,2204,59,Indian,Female,10/29/2013,Legal,Nevada,Exempt,No,156338,0.055740693,1704,2204,1516,3518, Nancy Walsh
3,1516,59,Indian,Female,10/29/2013,Legal,Nevada,Exempt,No,156338,0.055740693,1704,2204,1516,3518, Nancy Walsh
1,1704,59,Indian,Female,10/29/2013,Legal,Nevada,Exempt,No,156338,0.055740693,1704,2204,1516,3518, Nancy Walsh
4,3183,60,Indian,Male,2/7/2013,Legal,Nevada,Exempt,No,109918,0.025802728,4685,3028,3779,3183, Catherine Murray
2,3028,60,Indian,Male,2/7/2013,Legal,Nevada,Exempt,No,109918,0.025802728,4685,3028,3779,3183, Catherine Murray
3,3779,60,Indian,Male,2/7/2013,Legal,Nevada,Exempt,No,109918,0.025802728,4685,3028,3779,3183, Catherine Murray
1,4685,60,Indian,Male,2/7/2013,Legal,Nevada,Exempt,No,109918,0.025802728,4685,3028,3779,3183, Catherine Murray
4,3172,61,Indian,Male,5/23/2013,Finance,Nevada,Exempt,No,165253,0.116860304,3982,4830,2539,3172, Opal Byrd
2,4830,61,Indian,Male,5/23/2013,Finance,Nevada,Exempt,No,165253,0.116860304,3982,4830,2539,3172, Opal Byrd
3,2539,61,Indian,Male,5/23/2013,Finance,Nevada,Exempt,No,165253,0.116860304,3982,4830,2539,3172, Opal Byrd
1,3982,61,Indian,Male,5/23/2013,Finance,Nevada,Exempt,No,165253,0.116860304,3982,4830,2539,3172, Opal Byrd
4,3589,62,Japan,Male,3/15/2014,BI,Nevada,Exempt,No,109965,0.086036231,1295,1523,4953,3589, Earl Ingram
2,1523,62,Japan,Male,3/15/2014,BI,Nevada,Exempt,No,109965,0.086036231,1295,1523,4953,3589, Earl Ingram
3,4953,62,Japan,Male,3/15/2014,BI,Nevada,Exempt,No,109965,0.086036231,1295,1523,4953,3589, Earl Ingram
1,1295,62,Japan,Male,3/15/2014,BI,Nevada,Exempt,No,109965,0.086036231,1295,1523,4953,3589, Earl Ingram
4,1622,63,Indian,Male,7/24/2014,Operation,Nevada,Exempt,No,146533,0.03,3361,3622,2715,1622, Marlene Davidson
2,3622,63,Indian,Male,7/24/2014,Operation,Nevada,Exempt,No,146533,0.03,3361,3622,2715,1622, Marlene Davidson
3,2715,63,Indian,Male,7/24/2014,Operation,Nevada,Exempt,No,146533,0.03,3361,3622,2715,1622, Marlene Davidson
1,3361,63,Indian,Male,7/24/2014,Operation,Nevada,Exempt,No,146533,0.03,3361,3622,2715,1622, Marlene Davidson
4,2532,64,Indian,Male,8/31/2014,Tech Support,Nevada,Exempt,No,99605,0.074184829,3256,2306,3416,2532, Timmy Kelley
2,2306,64,Indian,Male,8/31/2014,Tech Support,Nevada,Exempt,No,99605,0.074184829,3256,2306,3416,2532, Timmy Kelley
3,3416,64,Indian,Male,8/31/2014,Tech Support,Nevada,Exempt,No,99605,0.074184829,3256,2306,3416,2532, Timmy Kelley
1,3256,64,Indian,Male,8/31/2014,Tech Support,Nevada,Exempt,No,99605,0.074184829,3256,2306,3416,2532, Timmy Kelley
4,1406,65,Indian,Male,3/25/2015,Legal,Nevada,Exempt,No,145453,,1352,4628,3567,1406, Virgil Moran
2,4628,65,Indian,Male,3/25/2015,Legal,Nevada,Exempt,No,145453,,1352,4628,3567,1406, Virgil Moran
3,3567,65,Indian,Male,3/25/2015,Legal,Nevada,Exempt,No,145453,,1352,4628,3567,1406, Virgil Moran
1,1352,65,Indian,Male,3/25/2015,Legal,Nevada,Exempt,No,145453,,1352,4628,3567,1406, Virgil Moran
4,3429,66,Indian,Male,5/24/2015,Legal,Nevada,Exempt,No,108950,,4521,3757,3307,3429, Adrienne Owen
2,3757,66,Indian,Male,5/24/2015,Legal,Nevada,Exempt,No,108950,,4521,3757,3307,3429, Adrienne Owen
3,3307,66,Indian,Male,5/24/2015,Legal,Nevada,Exempt,No,108950,,4521,3757,3307,3429, Adrienne Owen
1,4521,66,Indian,Male,5/24/2015,Legal,Nevada,Exempt,No,108950,,4521,3757,3307,3429, Adrienne Owen
4,1162,67,Japan,Male,6/7/2016,BI,Nevada,Exempt,No,112253,,4227,3677,3639,1162, Malcolm Carlson
2,3677,67,Japan,Male,6/7/2016,BI,Nevada,Exempt,No,112253,,4227,3677,3639,1162, Malcolm Carlson
3,3639,67,Japan,Male,6/7/2016,BI,Nevada,Exempt,No,112253,,4227,3677,3639,1162, Malcolm Carlson
1,4227,67,Japan,Male,6/7/2016,BI,Nevada,Exempt,No,112253,,4227,3677,3639,1162, Malcolm Carlson
4,3116,68,Indian,Male,7/12/2016,Marketing,Nevada,Exempt,Yes,109950,,4111,2379,3408,3116, Jamie Hart
2,2379,68,Indian,Male,7/12/2016,Marketing,Nevada,Exempt,Yes,109950,,4111,2379,3408,3116, Jamie Hart
3,3408,68,Indian,Male,7/12/2016,Marketing,Nevada,Exempt,Yes,109950,,4111,2379,3408,3116, Jamie Hart
1,4111,68,Indian,Male,7/12/2016,Marketing,Nevada,Exempt,Yes,109950,,4111,2379,3408,3116, Jamie Hart
4,3447,69,Japan,Male,12/10/2015,Operation,Nevada,Exempt,No,113253,,4786,1424,2078,3447, Kristin Hoffman
2,1424,69,Japan,Male,12/10/2015,Operation,Nevada,Exempt,No,113253,,4786,1424,2078,3447, Kristin Hoffman
3,2078,69,Japan,Male,12/10/2015,Operation,Nevada,Exempt,No,113253,,4786,1424,2078,3447, Kristin Hoffman
1,4786,69,Japan,Male,12/10/2015,Operation,Nevada,Exempt,No,113253,,4786,1424,2078,3447, Kristin Hoffman
4,2253,70,Indian,Female,4/4/2016,Training,Nevada,Exempt,No,107950,,2935,1147,4852,2253, Daisy Wood
2,1147,70,Indian,Female,4/4/2016,Training,Nevada,Exempt,No,107950,,2935,1147,4852,2253, Daisy Wood
3,4852,70,Indian,Female,4/4/2016,Training,Nevada,Exempt,No,107950,,2935,1147,4852,2253, Daisy Wood
1,2935,70,Indian,Female,4/4/2016,Training,Nevada,Exempt,No,107950,,2935,1147,4852,2253, Daisy Wood
4,3846,71,Indian,Male,10/4/2008,Legal,Nevada,Exempt,No,123355,0.054575946,4762,1056,3263,3846, Maxine Norris
2,1056,71,Indian,Male,10/4/2008,Legal,Nevada,Exempt,No,123355,0.054575946,4762,1056,3263,3846, Maxine Norris
3,3263,71,Indian,Male,10/4/2008,Legal,Nevada,Exempt,No,123355,0.054575946,4762,1056,3263,3846, Maxine Norris
1,4762,71,Indian,Male,10/4/2008,Legal,Nevada,Exempt,No,123355,0.054575946,4762,1056,3263,3846, Maxine Norris
4,1069,72,Indian,Male,7/12/2009,Sales,Nevada,Exempt,No,172803,0.073791373,4156,4201,1679,1069, Linda Lowe
2,4201,72,Indian,Male,7/12/2009,Sales,Nevada,Exempt,No,172803,0.073791373,4156,4201,1679,1069, Linda Lowe
3,1679,72,Indian,Male,7/12/2009,Sales,Nevada,Exempt,No,172803,0.073791373,4156,4201,1679,1069, Linda Lowe
1,4156,72,Indian,Male,7/12/2009,Sales,Nevada,Exempt,No,172803,0.073791373,4156,4201,1679,1069, Linda Lowe
4,1459,73,Indian,Male,6/5/2011,BI,Nevada,Exempt,No,141253,0.03,1300,4003,4870,1459, Rosemarie Perez
2,4003,73,Indian,Male,6/5/2011,BI,Nevada,Exempt,No,141253,0.03,1300,4003,4870,1459, Rosemarie Perez
3,4870,73,Indian,Male,6/5/2011,BI,Nevada,Exempt,No,141253,0.03,1300,4003,4870,1459, Rosemarie Perez
1,1300,73,Indian,Male,6/5/2011,BI,Nevada,Exempt,No,141253,0.03,1300,4003,4870,1459, Rosemarie Perez
4,4217,74,Indian,Male,2/5/2013,Operation,Nevada,Exempt,No,126400,0.052309417,1396,2383,3360,4217, Teresa Schmidt
2,2383,74,Indian,Male,2/5/2013,Operation,Nevada,Exempt,No,126400,0.052309417,1396,2383,3360,4217, Teresa Schmidt
3,3360,74,Indian,Male,2/5/2013,Operation,Nevada,Exempt,No,126400,0.052309417,1396,2383,3360,4217, Teresa Schmidt
1,1396,74,Indian,Male,2/5/2013,Operation,Nevada,Exempt,No,126400,0.052309417,1396,2383,3360,4217, Teresa Schmidt
4,3419,75,Indian,Female,7/4/2013,Training,Nevada,Exempt,No,127410,0.016499702,4959,3722,4546,3419, Ira Edwards
2,3722,75,Indian,Female,7/4/2013,Training,Nevada,Exempt,No,127410,0.016499702,4959,3722,4546,3419, Ira Edwards
3,4546,75,Indian,Female,7/4/2013,Training,Nevada,Exempt,No,127410,0.016499702,4959,3722,4546,3419, Ira Edwards
1,4959,75,Indian,Female,7/4/2013,Training,Nevada,Exempt,No,127410,0.016499702,4959,3722,4546,3419, Ira Edwards
4,2924,76,Indian,Male,11/6/2014,Legal,Nevada,Exempt,No,117353,,4142,3728,3061,2924, Colleen Mcgee
2,3728,76,Indian,Male,11/6/2014,Legal,Nevada,Exempt,No,117353,,4142,3728,3061,2924, Colleen Mcgee
3,3061,76,Indian,Male,11/6/2014,Legal,Nevada,Exempt,No,117353,,4142,3728,3061,2924, Colleen Mcgee
1,4142,76,Indian,Male,11/6/2014,Legal,Nevada,Exempt,No,117353,,4142,3728,3061,2924, Colleen Mcgee
4,1565,77,Indian,Female,5/21/2015,Legal,Nevada,Exempt,No,171253,,4635,4043,2120,1565, Evan Brock
2,4043,77,Indian,Female,5/21/2015,Legal,Nevada,Exempt,No,171253,,4635,4043,2120,1565, Evan Brock
3,2120,77,Indian,Female,5/21/2015,Legal,Nevada,Exempt,No,171253,,4635,4043,2120,1565, Evan Brock
1,4635,77,Indian,Female,5/21/2015,Legal,Nevada,Exempt,No,171253,,4635,4043,2120,1565, Evan Brock
4,3110,78,USA,Female,8/20/2015,BI,Nevada,Exempt,No,118965,,1954,4480,3123,3110, Curtis Patterson
2,4480,78,USA,Female,8/20/2015,BI,Nevada,Exempt,No,118965,,1954,4480,3123,3110, Curtis Patterson
3,3123,78,USA,Female,8/20/2015,BI,Nevada,Exempt,No,118965,,1954,4480,3123,3110, Curtis Patterson
1,1954,78,USA,Female,8/20/2015,BI,Nevada,Exempt,No,118965,,1954,4480,3123,3110, Curtis Patterson
4,1206,79,Indian,Male,7/24/2014,Operation,Nevada,Exempt,No,130350,0.04,2379,3726,2481,1206, Sarah Conner
2,3726,79,Indian,Male,7/24/2014,Operation,Nevada,Exempt,No,130350,0.04,2379,3726,2481,1206, Sarah Conner
3,2481,79,Indian,Male,7/24/2014,Operation,Nevada,Exempt,No,130350,0.04,2379,3726,2481,1206, Sarah Conner
1,2379,79,Indian,Male,7/24/2014,Operation,Nevada,Exempt,No,130350,0.04,2379,3726,2481,1206, Sarah Conner
4,4716,80,Indian,Male,10/16/2014,Tech Support,Nevada,Exempt,No,133965,,1049,3235,2388,4716, Nichole Ball
2,3235,80,Indian,Male,10/16/2014,Tech Support,Nevada,Exempt,No,133965,,1049,3235,2388,4716, Nichole Ball
3,2388,80,Indian,Male,10/16/2014,Tech Support,Nevada,Exempt,No,133965,,1049,3235,2388,4716, Nichole Ball
1,1049,80,Indian,Male,10/16/2014,Tech Support,Nevada,Exempt,No,133965,,1049,3235,2388,4716, Nichole Ball
4,2303,81,Indian,Male,7/9/2015,Training,Nevada,Exempt,No,135253,,3927,4364,3146,2303, Devin Harmon
2,4364,81,Indian,Male,7/9/2015,Training,Nevada,Exempt,No,135253,,3927,4364,3146,2303, Devin Harmon
3,3146,81,Indian,Male,7/9/2015,Training,Nevada,Exempt,No,135253,,3927,4364,3146,2303, Devin Harmon
1,3927,81,Indian,Male,7/9/2015,Training,Nevada,Exempt,No,135253,,3927,4364,3146,2303, Devin Harmon
4,1920,82,Japan,Female,12/21/2016,Marketing,Oregon,Exempt,No,143439,,1600,3095,1260,1920, Domingo Lyons
2,3095,82,Japan,Female,12/21/2016,Marketing,Oregon,Exempt,No,143439,,1600,3095,1260,1920, Domingo Lyons
3,1260,82,Japan,Female,12/21/2016,Marketing,Oregon,Exempt,No,143439,,1600,3095,1260,1920, Domingo Lyons
1,1600,82,Japan,Female,12/21/2016,Marketing,Oregon,Exempt,No,143439,,1600,3095,1260,1920, Domingo Lyons
4,4551,83,Indian,Male,6/4/2009,Finance,Oregon,Exempt,No,102470,0.065527378,4906,4974,2262,4551, Allison Jefferson
2,4974,83,Indian,Male,6/4/2009,Finance,Oregon,Exempt,No,102470,0.065527378,4906,4974,2262,4551, Allison Jefferson
3,2262,83,Indian,Male,6/4/2009,Finance,Oregon,Exempt,No,102470,0.065527378,4906,4974,2262,4551, Allison Jefferson
1,4906,83,Indian,Male,6/4/2009,Finance,Oregon,Exempt,No,102470,0.065527378,4906,4974,2262,4551, Allison Jefferson
4,4379,84,Indian,Female,7/9/2010,Legal,Oregon,Non-exempt,Yes,91743,0.057261299,1668,1400,3771,4379, Jonathan Osborne
2,1400,84,Indian,Female,7/9/2010,Legal,Oregon,Non-exempt,Yes,91743,0.057261299,1668,1400,3771,4379, Jonathan Osborne
3,3771,84,Indian,Female,7/9/2010,Legal,Oregon,Non-exempt,Yes,91743,0.057261299,1668,1400,3771,4379, Jonathan Osborne
1,1668,84,Indian,Female,7/9/2010,Legal,Oregon,Non-exempt,Yes,91743,0.057261299,1668,1400,3771,4379, Jonathan Osborne
4,3448,85,Indian,Male,1/11/2012,Operation,Oregon,Non-exempt,No,136878,0.059153889,4898,3919,1125,3448, Alice Alvarado
2,3919,85,Indian,Male,1/11/2012,Operation,Oregon,Non-exempt,No,136878,0.059153889,4898,3919,1125,3448, Alice Alvarado
3,1125,85,Indian,Male,1/11/2012,Operation,Oregon,Non-exempt,No,136878,0.059153889,4898,3919,1125,3448, Alice Alvarado
1,4898,85,Indian,Male,1/11/2012,Operation,Oregon,Non-exempt,No,136878,0.059153889,4898,3919,1125,3448, Alice Alvarado
4,2801,86,Indian,Male,7/21/2011,BI,Oregon,Non-exempt,No,87450,0.239070476,2522,1224,1224,2801, Leigh Saunders
2,1224,86,Indian,Male,7/21/2011,BI,Oregon,Non-exempt,No,87450,0.239070476,2522,1224,1224,2801, Leigh Saunders
3,1224,86,Indian,Male,7/21/2011,BI,Oregon,Non-exempt,No,87450,0.239070476,2522,1224,1224,2801, Leigh Saunders
1,2522,86,Indian,Male,7/21/2011,BI,Oregon,Non-exempt,No,87450,0.239070476,2522,1224,1224,2801, Leigh Saunders
4,1791,87,Indian,Male,5/2/2013,Legal,Oregon,Non-exempt,No,82965,0.216828474,1639,4181,3261,1791, Amy Little
2,4181,87,Indian,Male,5/2/2013,Legal,Oregon,Non-exempt,No,82965,0.216828474,1639,4181,3261,1791, Amy Little
3,3261,87,Indian,Male,5/2/2013,Legal,Oregon,Non-exempt,No,82965,0.216828474,1639,4181,3261,1791, Amy Little
1,1639,87,Indian,Male,5/2/2013,Legal,Oregon,Non-exempt,No,82965,0.216828474,1639,4181,3261,1791, Amy Little
4,1443,88,Indian,Male,4/6/2006,Training,Oregon,Exempt,No,111730,0.025889679,2331,3859,2119,1443, Crystal Scott
2,3859,88,Indian,Male,4/6/2006,Training,Oregon,Exempt,No,111730,0.025889679,2331,3859,2119,1443, Crystal Scott
3,2119,88,Indian,Male,4/6/2006,Training,Oregon,Exempt,No,111730,0.025889679,2331,3859,2119,1443, Crystal Scott
1,2331,88,Indian,Male,4/6/2006,Training,Oregon,Exempt,No,111730,0.025889679,2331,3859,2119,1443, Crystal Scott
4,1422,89,Indian,Male,5/10/2007,Operation,Oregon,Exempt,No,106113,0.065,2803,3287,4221,1422, Loretta Keller
2,3287,89,Indian,Male,5/10/2007,Operation,Oregon,Exempt,No,106113,0.065,2803,3287,4221,1422, Loretta Keller
3,4221,89,Indian,Male,5/10/2007,Operation,Oregon,Exempt,No,106113,0.065,2803,3287,4221,1422, Loretta Keller
1,2803,89,Indian,Male,5/10/2007,Operation,Oregon,Exempt,No,106113,0.065,2803,3287,4221,1422, Loretta Keller
4,4672,90,Indian,Male,8/9/2009,BI,Oregon,Exempt,No,105403,0.047222222,3216,2196,1729,4672, Harvey Mcdonald
2,2196,90,Indian,Male,8/9/2009,BI,Oregon,Exempt,No,105403,0.047222222,3216,2196,1729,4672, Harvey Mcdonald
3,1729,90,Indian,Male,8/9/2009,BI,Oregon,Exempt,No,105403,0.047222222,3216,2196,1729,4672, Harvey Mcdonald
1,3216,90,Indian,Male,8/9/2009,BI,Oregon,Exempt,No,105403,0.047222222,3216,2196,1729,4672, Harvey Mcdonald
4,1748,91,Indian,Male,7/16/2011,Legal,Oregon,Exempt,No,149901,-0.02,1756,2786,4055,1748, Allan Cross
2,2786,91,Indian,Male,7/16/2011,Legal,Oregon,Exempt,No,149901,-0.02,1756,2786,4055,1748, Allan Cross
3,4055,91,Indian,Male,7/16/2011,Legal,Oregon,Exempt,No,149901,-0.02,1756,2786,4055,1748, Allan Cross
1,1756,91,Indian,Male,7/16/2011,Legal,Oregon,Exempt,No,149901,-0.02,1756,2786,4055,1748, Allan Cross
4,3586,92,Japan,Male,8/23/2012,Tech Support,Oregon,Exempt,No,114225,0.055083203,2692,1087,2551,3586, Tami Tran
2,1087,92,Japan,Male,8/23/2012,Tech Support,Oregon,Exempt,No,114225,0.055083203,2692,1087,2551,3586, Tami Tran
3,2551,92,Japan,Male,8/23/2012,Tech Support,Oregon,Exempt,No,114225,0.055083203,2692,1087,2551,3586, Tami Tran
1,2692,92,Japan,Male,8/23/2012,Tech Support,Oregon,Exempt,No,114225,0.055083203,2692,1087,2551,3586, Tami Tran
4,4653,93,Japan,Female,5/5/2015,Marketing,Oregon,Exempt,No,106965,0.076983289,4446,1194,2293,4653, Misty Mcguire
2,1194,93,Japan,Female,5/5/2015,Marketing,Oregon,Exempt,No,106965,0.076983289,4446,1194,2293,4653, Misty Mcguire
3,2293,93,Japan,Female,5/5/2015,Marketing,Oregon,Exempt,No,106965,0.076983289,4446,1194,2293,4653, Misty Mcguire
1,4446,93,Japan,Female,5/5/2015,Marketing,Oregon,Exempt,No,106965,0.076983289,4446,1194,2293,4653, Misty Mcguire
4,4954,94,Japan,Female,9/5/2015,HR,Oregon,Exempt,No,158253,,1542,4377,2760,4954, Ronnie Mclaughlin
2,4377,94,Japan,Female,9/5/2015,HR,Oregon,Exempt,No,158253,,1542,4377,2760,4954, Ronnie Mclaughlin
3,2760,94,Japan,Female,9/5/2015,HR,Oregon,Exempt,No,158253,,1542,4377,2760,4954, Ronnie Mclaughlin
1,1542,94,Japan,Female,9/5/2015,HR,Oregon,Exempt,No,158253,,1542,4377,2760,4954, Ronnie Mclaughlin
4,4585,95,Indian,Female,4/12/2007,Legal,Oregon,Exempt,No,125253,0.113834420,4181,1161,1792,4585, Jon Nguyen
2,1161,95,Indian,Female,4/12/2007,Legal,Oregon,Exempt,No,125253,0.113834420,4181,1161,1792,4585, Jon Nguyen
3,1792,95,Indian,Female,4/12/2007,Legal,Oregon,Exempt,No,125253,0.113834420,4181,1161,1792,4585, Jon Nguyen
1,4181,95,Indian,Female,4/12/2007,Legal,Oregon,Exempt,No,125253,0.113834420,4181,1161,1792,4585, Jon Nguyen
4,3646,96,,Male,5/4/2013,Tech Support,Oregon,Exempt,No,146950,0.052896614,4768,4782,1684,3646, Lisa Ramirez
2,4782,96,,Male,5/4/2013,Tech Support,Oregon,Exempt,No,146950,0.052896614,4768,4782,1684,3646, Lisa Ramirez
3,1684,96,,Male,5/4/2013,Tech Support,Oregon,Exempt,No,146950,0.052896614,4768,4782,1684,3646, Lisa Ramirez
1,4768,96,,Male,5/4/2013,Tech Support,Oregon,Exempt,No,146950,0.052896614,4768,4782,1684,3646, Lisa Ramirez
4,3508,97,Japan,Male,1/29/2016,Marketing,Oregon,Exempt,No,117950,,1118,4675,3522,3508, Julius Daniel
2,4675,97,Japan,Male,1/29/2016,Marketing,Oregon,Exempt,No,117950,,1118,4675,3522,3508, Julius Daniel
3,3522,97,Japan,Male,1/29/2016,Marketing,Oregon,Exempt,No,117950,,1118,4675,3522,3508, Julius Daniel
1,1118,97,Japan,Male,1/29/2016,Marketing,Oregon,Exempt,No,117950,,1118,4675,3522,3508, Julius Daniel
4,3278,98,USA,Female,3/15/2012,BI,Phoenix,,No,98078,0.07,2274,4807,3275,3278, Brenda Mathis
2,4807,98,USA,Female,3/15/2012,BI,Phoenix,,No,98078,0.07,2274,4807,3275,3278, Brenda Mathis
3,3275,98,USA,Female,3/15/2012,BI,Phoenix,,No,98078,0.07,2274,4807,3275,3278, Brenda Mathis
1,2274,98,USA,Female,3/15/2012,BI,Phoenix,,No,98078,0.07,2274,4807,3275,3278, Brenda Mathis
4,4238,99,Indian,Female,11/17/2005,Tech Support,Phoenix,Exempt,Yes,103570,0.03,1025,1674,2388,4238, Darrell Jimenez
2,1674,99,Indian,Female,11/17/2005,Tech Support,Phoenix,Exempt,Yes,103570,0.03,1025,1674,2388,4238, Darrell Jimenez
3,2388,99,Indian,Female,11/17/2005,Tech Support,Phoenix,Exempt,Yes,103570,0.03,1025,1674,2388,4238, Darrell Jimenez
1,1025,99,Indian,Female,11/17/2005,Tech Support,Phoenix,Exempt,Yes,103570,0.03,1025,1674,2388,4238, Darrell Jimenez
4,2439,100,Indian,Male,1/23/2009,Legal,Phoenix,Non-exempt,No,91615,0.041,3229,1386,2520,2439, Peggy Munoz
2,1386,100,Indian,Male,1/23/2009,Legal,Phoenix,Non-exempt,No,91615,0.041,3229,1386,2520,2439, Peggy Munoz
3,2520,100,Indian,Male,1/23/2009,Legal,Phoenix,Non-exempt,No,91615,0.041,3229,1386,2520,2439, Peggy Munoz
1,3229,100,Indian,Male,1/23/2009,Legal,Phoenix,Non-exempt,No,91615,0.041,3229,1386,2520,2439, Peggy Munoz
4,3845,101,Indian,Male,5/17/2010,Marketing,Phoenix,Exempt,No,101965,0.147170909,4769,1753,3287,3845, Alexander Ferguson
2,1753,101,Indian,Male,5/17/2010,Marketing,Phoenix,Exempt,No,101965,0.147170909,4769,1753,3287,3845, Alexander Ferguson
3,3287,101,Indian,Male,5/17/2010,Marketing,Phoenix,Exempt,No,101965,0.147170909,4769,1753,3287,3845, Alexander Ferguson
1,4769,101,Indian,Male,5/17/2010,Marketing,Phoenix,Exempt,No,101965,0.147170909,4769,1753,3287,3845, Alexander Ferguson
4,1747,102,Indian,Male,7/9/2010,Training,Phoenix,Non-exempt,No,137743,0.047261299,4882,2066,3736,1747, Alonzo Oliver
2,2066,102,Indian,Male,7/9/2010,Training,Phoenix,Non-exempt,No,137743,0.047261299,4882,2066,3736,1747, Alonzo Oliver
3,3736,102,Indian,Male,7/9/2010,Training,Phoenix,Non-exempt,No,137743,0.047261299,4882,2066,3736,1747, Alonzo Oliver
1,4882,102,Indian,Male,7/9/2010,Training,Phoenix,Non-exempt,No,137743,0.047261299,4882,2066,3736,1747, Alonzo Oliver
4,4448,103,Indian,Female,8/26/2010,Sales,Phoenix,Exempt,No,97465,0.145547945,4663,3841,1970,4448, Ryan Owens
2,3841,103,Indian,Female,8/26/2010,Sales,Phoenix,Exempt,No,97465,0.145547945,4663,3841,1970,4448, Ryan Owens
3,1970,103,Indian,Female,8/26/2010,Sales,Phoenix,Exempt,No,97465,0.145547945,4663,3841,1970,4448, Ryan Owens
1,4663,103,Indian,Female,8/26/2010,Sales,Phoenix,Exempt,No,97465,0.145547945,4663,3841,1970,4448, Ryan Owens
4,2125,104,Indian,Male,1/13/2011,Operation,Phoenix,Non-exempt,No,87685,0.087146681,4004,1673,3889,2125, Vanessa Tyler
2,1673,104,Indian,Male,1/13/2011,Operation,Phoenix,Non-exempt,No,87685,0.087146681,4004,1673,3889,2125, Vanessa Tyler
3,3889,104,Indian,Male,1/13/2011,Operation,Phoenix,Non-exempt,No,87685,0.087146681,4004,1673,3889,2125, Vanessa Tyler
1,4004,104,Indian,Male,1/13/2011,Operation,Phoenix,Non-exempt,No,87685,0.087146681,4004,1673,3889,2125, Vanessa Tyler
4,2781,105,Indian,Male,4/21/2011,Legal,Phoenix,Non-exempt,No,135753,0.199070476,3534,2090,3566,2781, Essie Matthews
2,2090,105,Indian,Male,4/21/2011,Legal,Phoenix,Non-exempt,No,135753,0.199070476,3534,2090,3566,2781, Essie Matthews
3,3566,105,Indian,Male,4/21/2011,Legal,Phoenix,Non-exempt,No,135753,0.199070476,3534,2090,3566,2781, Essie Matthews
1,3534,105,Indian,Male,4/21/2011,Legal,Phoenix,Non-exempt,No,135753,0.199070476,3534,2090,3566,2781, Essie Matthews
4,1270,106,Indian,Male,7/7/2011,BI,Phoenix,Non-exempt,No,89253,0.210430989,2738,4545,4640,1270, Jessie Jackson
2,4545,106,Indian,Male,7/7/2011,BI,Phoenix,Non-exempt,No,89253,0.210430989,2738,4545,4640,1270, Jessie Jackson
3,4640,106,Indian,Male,7/7/2011,BI,Phoenix,Non-exempt,No,89253,0.210430989,2738,4545,4640,1270, Jessie Jackson
1,2738,106,Indian,Male,7/7/2011,BI,Phoenix,Non-exempt,No,89253,0.210430989,2738,4545,4640,1270, Jessie Jackson
4,4360,107,Indian,Female,7/15/2012,Tech Support,Phoenix,Exempt,No,102328,0.065413104,4520,2576,4671,4360, Lois Sullivan
2,2576,107,Indian,Female,7/15/2012,Tech Support,Phoenix,Exempt,No,102328,0.065413104,4520,2576,4671,4360, Lois Sullivan
3,4671,107,Indian,Female,7/15/2012,Tech Support,Phoenix,Exempt,No,102328,0.065413104,4520,2576,4671,4360, Lois Sullivan
1,4520,107,Indian,Female,7/15/2012,Tech Support,Phoenix,Exempt,No,102328,0.065413104,4520,2576,4671,4360, Lois Sullivan
4,2875,108,Indian,Male,4/2/2014,Legal,Phoenix,Non-exempt,No,88525,0.047201987,3752,2570,4205,2875, Jerald George
2,2570,108,Indian,Male,4/2/2014,Legal,Phoenix,Non-exempt,No,88525,0.047201987,3752,2570,4205,2875, Jerald George
3,4205,108,Indian,Male,4/2/2014,Legal,Phoenix,Non-exempt,No,88525,0.047201987,3752,2570,4205,2875, Jerald George
1,3752,108,Indian,Male,4/2/2014,Legal,Phoenix,Non-exempt,No,88525,0.047201987,3752,2570,4205,2875, Jerald George
4,4944,109,,Female,6/11/2015,Marketing,Phoenix,Non-exempt,No,134253,,4493,2596,1050,4944, Jan Baldwin
2,2596,109,,Female,6/11/2015,Marketing,Phoenix,Non-exempt,No,134253,,4493,2596,1050,4944, Jan Baldwin
3,1050,109,,Female,6/11/2015,Marketing,Phoenix,Non-exempt,No,134253,,4493,2596,1050,4944, Jan Baldwin
1,4493,109,,Female,6/11/2015,Marketing,Phoenix,Non-exempt,No,134253,,4493,2596,1050,4944, Jan Baldwin
4,2364,110,Indian,Male,2/13/2006,Tech Support,Phoenix,Exempt,No,108178,0.065728504,4752,2305,1317,2364, Jessica Hayes
2,2305,110,Indian,Male,2/13/2006,Tech Support,Phoenix,Exempt,No,108178,0.065728504,4752,2305,1317,2364, Jessica Hayes
3,1317,110,Indian,Male,2/13/2006,Tech Support,Phoenix,Exempt,No,108178,0.065728504,4752,2305,1317,2364, Jessica Hayes
1,4752,110,Indian,Male,2/13/2006,Tech Support,Phoenix,Exempt,No,108178,0.065728504,4752,2305,1317,2364, Jessica Hayes
4,2142,111,Japan,Male,8/21/2006,Finance,Phoenix,Exempt,No,160253,0.037369888,3747,3017,3449,2142, Pearl Chapman
2,3017,111,Japan,Male,8/21/2006,Finance,Phoenix,Exempt,No,160253,0.037369888,3747,3017,3449,2142, Pearl Chapman
3,3449,111,Japan,Male,8/21/2006,Finance,Phoenix,Exempt,No,160253,0.037369888,3747,3017,3449,2142, Pearl Chapman
1,3747,111,Japan,Male,8/21/2006,Finance,Phoenix,Exempt,No,160253,0.037369888,3747,3017,3449,2142, Pearl Chapman
4,1311,112,Japan,Male,3/5/2007,Marketing,Phoenix,Exempt,No,152883,0.05,3666,4393,3369,1311, Kelly Lewis
2,4393,112,Japan,Male,3/5/2007,Marketing,Phoenix,Exempt,No,152883,0.05,3666,4393,3369,1311, Kelly Lewis
3,3369,112,Japan,Male,3/5/2007,Marketing,Phoenix,Exempt,No,152883,0.05,3666,4393,3369,1311, Kelly Lewis
1,3666,112,Japan,Male,3/5/2007,Marketing,Phoenix,Exempt,No,152883,0.05,3666,4393,3369,1311, Kelly Lewis
4,2604,113,Japan,Male,10/9/2008,Legal,Phoenix,Exempt,No,96157,0.086937851,2005,2069,4826,2604, Bruce Cummings
2,2069,113,Japan,Male,10/9/2008,Legal,Phoenix,Exempt,No,96157,0.086937851,2005,2069,4826,2604, Bruce Cummings
3,4826,113,Japan,Male,10/9/2008,Legal,Phoenix,Exempt,No,96157,0.086937851,2005,2069,4826,2604, Bruce Cummings
1,2005,113,Japan,Male,10/9/2008,Legal,Phoenix,Exempt,No,96157,0.086937851,2005,2069,4826,2604, Bruce Cummings
4,1385,114,Japan,Male,2/8/2009,HR,Phoenix,Exempt,No,104803,0.030555556,1412,1482,4844,1385, Ernesto Richardson
2,1482,114,Japan,Male,2/8/2009,HR,Phoenix,Exempt,No,104803,0.030555556,1412,1482,4844,1385, Ernesto Richardson
3,4844,114,Japan,Male,2/8/2009,HR,Phoenix,Exempt,No,104803,0.030555556,1412,1482,4844,1385, Ernesto Richardson
1,1412,114,Japan,Male,2/8/2009,HR,Phoenix,Exempt,No,104803,0.030555556,1412,1482,4844,1385, Ernesto Richardson
4,1008,115,Japan,Female,4/21/2011,Operation,Phoenix,Exempt,No,151298,0.045960323,3875,3239,2864,1008, Tracey Fuller
2,3239,115,Japan,Female,4/21/2011,Operation,Phoenix,Exempt,No,151298,0.045960323,3875,3239,2864,1008, Tracey Fuller
3,2864,115,Japan,Female,4/21/2011,Operation,Phoenix,Exempt,No,151298,0.045960323,3875,3239,2864,1008, Tracey Fuller
1,3875,115,Japan,Female,4/21/2011,Operation,Phoenix,Exempt,No,151298,0.045960323,3875,3239,2864,1008, Tracey Fuller
4,2214,116,Japan,Male,3/13/2011,Legal,Phoenix,Exempt,No,104115,0.077222222,4272,3614,1641,2214, Veronica Martin
2,3614,116,Japan,Male,3/13/2011,Legal,Phoenix,Exempt,No,104115,0.077222222,4272,3614,1641,2214, Veronica Martin
3,1641,116,Japan,Male,3/13/2011,Legal,Phoenix,Exempt,No,104115,0.077222222,4272,3614,1641,2214, Veronica Martin
1,4272,116,Japan,Male,3/13/2011,Legal,Phoenix,Exempt,No,104115,0.077222222,4272,3614,1641,2214, Veronica Martin
4,3316,117,Japan,Male,2/5/2012,BI,Phoenix,Exempt,Yes,101503,0.063998187,4078,2777,2066,3316, Eunice Roberts
2,2777,117,Japan,Male,2/5/2012,BI,Phoenix,Exempt,Yes,101503,0.063998187,4078,2777,2066,3316, Eunice Roberts
3,2066,117,Japan,Male,2/5/2012,BI,Phoenix,Exempt,Yes,101503,0.063998187,4078,2777,2066,3316, Eunice Roberts
1,4078,117,Japan,Male,2/5/2012,BI,Phoenix,Exempt,Yes,101503,0.063998187,4078,2777,2066,3316, Eunice Roberts
4,3754,118,Indian,Male,11/24/2012,Tech Support,Phoenix,Exempt,No,115513,0.025083203,3284,2959,3864,3754, Nora Goodman
2,2959,118,Indian,Male,11/24/2012,Tech Support,Phoenix,Exempt,No,115513,0.025083203,3284,2959,3864,3754, Nora Goodman
3,3864,118,Indian,Male,11/24/2012,Tech Support,Phoenix,Exempt,No,115513,0.025083203,3284,2959,3864,3754, Nora Goodman
1,3284,118,Indian,Male,11/24/2012,Tech Support,Phoenix,Exempt,No,115513,0.025083203,3284,2959,3864,3754, Nora Goodman
4,2917,119,Indian,Female,5/19/2013,Legal,Phoenix,Exempt,Yes,154253,0.07,3916,1208,2982,2917, Rosemary Reed
2,1208,119,Indian,Female,5/19/2013,Legal,Phoenix,Exempt,Yes,154253,0.07,3916,1208,2982,2917, Rosemary Reed
3,2982,119,Indian,Female,5/19/2013,Legal,Phoenix,Exempt,Yes,154253,0.07,3916,1208,2982,2917, Rosemary Reed
1,3916,119,Indian,Female,5/19/2013,Legal,Phoenix,Exempt,Yes,154253,0.07,3916,1208,2982,2917, Rosemary Reed
4,4742,120,Indian,Male,1/23/2014,Marketing,Phoenix,Exempt,No,102778,0.025480226,2413,3368,1399,4742, Hattie Estrada
2,3368,120,Indian,Male,1/23/2014,Marketing,Phoenix,Exempt,No,102778,0.025480226,2413,3368,1399,4742, Hattie Estrada
3,1399,120,Indian,Male,1/23/2014,Marketing,Phoenix,Exempt,No,102778,0.025480226,2413,3368,1399,4742, Hattie Estrada
1,2413,120,Indian,Male,1/23/2014,Marketing,Phoenix,Exempt,No,102778,0.025480226,2413,3368,1399,4742, Hattie Estrada
4,3824,121,Indian,Male,12/15/2015,Training,Phoenix,Exempt,Yes,103950,,4700,3143,1470,3824, Aubrey Stokes
2,3143,121,Indian,Male,12/15/2015,Training,Phoenix,Exempt,Yes,103950,,4700,3143,1470,3824, Aubrey Stokes
3,1470,121,Indian,Male,12/15/2015,Training,Phoenix,Exempt,Yes,103950,,4700,3143,1470,3824, Aubrey Stokes
1,4700,121,Indian,Male,12/15/2015,Training,Phoenix,Exempt,Yes,103950,,4700,3143,1470,3824, Aubrey Stokes
4,2868,122,Indian,Female,5/31/2016,Sales,Phoenix,Exempt,No,102950,,2225,1199,4829,2868, Cedric Erickson
2,1199,122,Indian,Female,5/31/2016,Sales,Phoenix,Exempt,No,102950,,2225,1199,4829,2868, Cedric Erickson
3,4829,122,Indian,Female,5/31/2016,Sales,Phoenix,Exempt,No,102950,,2225,1199,4829,2868, Cedric Erickson
1,2225,122,Indian,Female,5/31/2016,Sales,Phoenix,Exempt,No,102950,,2225,1199,4829,2868, Cedric Erickson
4,3187,123,Indian,Female,12/3/2015,Operation,Phoenix,Exempt,No,105965,,2836,4854,4445,3187, Hugo Welch
2,4854,123,Indian,Female,12/3/2015,Operation,Phoenix,Exempt,No,105965,,2836,4854,4445,3187, Hugo Welch
3,4445,123,Indian,Female,12/3/2015,Operation,Phoenix,Exempt,No,105965,,2836,4854,4445,3187, Hugo Welch
1,2836,123,Indian,Female,12/3/2015,Operation,Phoenix,Exempt,No,105965,,2836,4854,4445,3187, Hugo Welch
4,1016,124,Indian,Male,1/27/2006,Legal,Phoenix,Exempt,No,163950,0.04,3419,2754,4908,1016, Louis Sims
2,2754,124,Indian,Male,1/27/2006,Legal,Phoenix,Exempt,No,163950,0.04,3419,2754,4908,1016, Louis Sims
3,4908,124,Indian,Male,1/27/2006,Legal,Phoenix,Exempt,No,163950,0.04,3419,2754,4908,1016, Louis Sims
1,3419,124,Indian,Male,1/27/2006,Legal,Phoenix,Exempt,No,163950,0.04,3419,2754,4908,1016, Louis Sims
4,2821,125,Indian,Male,4/8/2010,BI,Phoenix,Exempt,No,168453,0.060182310,3730,3929,4685,2821, Bessie Freeman
2,3929,125,Indian,Male,4/8/2010,BI,Phoenix,Exempt,No,168453,0.060182310,3730,3929,4685,2821, Bessie Freeman
3,4685,125,Indian,Male,4/8/2010,BI,Phoenix,Exempt,No,168453,0.060182310,3730,3929,4685,2821, Bessie Freeman
1,3730,125,Indian,Male,4/8/2010,BI,Phoenix,Exempt,No,168453,0.060182310,3730,3929,4685,2821, Bessie Freeman
4,1728,126,Indian,Female,3/28/2013,Tech Support,Phoenix,Exempt,No,158609,-0.02,2290,2132,3345,1728, Inez Bell
2,2132,126,Indian,Female,3/28/2013,Tech Support,Phoenix,Exempt,No,158609,-0.02,2290,2132,3345,1728, Inez Bell
3,3345,126,Indian,Female,3/28/2013,Tech Support,Phoenix,Exempt,No,158609,-0.02,2290,2132,3345,1728, Inez Bell
1,2290,126,Indian,Female,3/28/2013,Tech Support,Phoenix,Exempt,No,158609,-0.02,2290,2132,3345,1728, Inez Bell
4,2931,127,Mexico,Female,8/22/2015,Legal,Phoenix,Exempt,No,122950,,4507,2016,2191,2931, Kurt Jones
2,2016,127,Mexico,Female,8/22/2015,Legal,Phoenix,Exempt,No,122950,,4507,2016,2191,2931, Kurt Jones
3,2191,127,Mexico,Female,8/22/2015,Legal,Phoenix,Exempt,No,122950,,4507,2016,2191,2931, Kurt Jones
1,4507,127,Mexico,Female,8/22/2015,Legal,Phoenix,Exempt,No,122950,,4507,2016,2191,2931, Kurt Jones
4,2106,128,Indian,Male,9/27/2015,Marketing,Phoenix,Exempt,No,112950,,4852,2212,4402,2106, Christie Fields
2,2212,128,Indian,Male,9/27/2015,Marketing,Phoenix,Exempt,No,112950,,4852,2212,4402,2106, Christie Fields
3,4402,128,Indian,Male,9/27/2015,Marketing,Phoenix,Exempt,No,112950,,4852,2212,4402,2106, Christie Fields
1,4852,128,Indian,Male,9/27/2015,Marketing,Phoenix,Exempt,No,112950,,4852,2212,4402,2106, Christie Fields
4,4346,129,Mexico,Male,7/2/2015,Tech Support,Phoenix,Exempt,No,143965,,2342,4407,2516,4346, Helen Hughes
2,4407,129,Mexico,Male,7/2/2015,Tech Support,Phoenix,Exempt,No,143965,,2342,4407,2516,4346, Helen Hughes
3,2516,129,Mexico,Male,7/2/2015,Tech Support,Phoenix,Exempt,No,143965,,2342,4407,2516,4346, Helen Hughes
1,2342,129,Mexico,Male,7/2/2015,Tech Support,Phoenix,Exempt,No,143965,,2342,4407,2516,4346, Helen Hughes
4,4652,130,Mexico,Male,7/12/2012,Sales,Utah,Exempt,No,110285,0.104647367,1198,2319,4764,4652, April Logan
2,2319,130,Mexico,Male,7/12/2012,Sales,Utah,Exempt,No,110285,0.104647367,1198,2319,4764,4652, April Logan
3,4764,130,Mexico,Male,7/12/2012,Sales,Utah,Exempt,No,110285,0.104647367,1198,2319,4764,4652, April Logan
1,1198,130,Mexico,Male,7/12/2012,Sales,Utah,Exempt,No,110285,0.104647367,1198,2319,4764,4652, April Logan
4,4527,131,Mexico,Female,4/9/2016,Marketing,Utah,Non-exempt,No,132173,,2182,2418,2662,4527, Geraldine Wolfe
2,2418,131,Mexico,Female,4/9/2016,Marketing,Utah,Non-exempt,No,132173,,2182,2418,2662,4527, Geraldine Wolfe
3,2662,131,Mexico,Female,4/9/2016,Marketing,Utah,Non-exempt,No,132173,,2182,2418,2662,4527, Geraldine Wolfe
1,2182,131,Mexico,Female,4/9/2016,Marketing,Utah,Non-exempt,No,132173,,2182,2418,2662,4527, Geraldine Wolfe
4,3118,132,Mexico,Male,1/18/2014,Operation,Utah,Exempt,Yes,118965,-0.02,1642,1472,4064,3118, Clifford Pratt
2,1472,132,Mexico,Male,1/18/2014,Operation,Utah,Exempt,Yes,118965,-0.02,1642,1472,4064,3118, Clifford Pratt
3,4064,132,Mexico,Male,1/18/2014,Operation,Utah,Exempt,Yes,118965,-0.02,1642,1472,4064,3118, Clifford Pratt
1,1642,132,Mexico,Male,1/18/2014,Operation,Utah,Exempt,Yes,118965,-0.02,1642,1472,4064,3118, Clifford Pratt
4,1418,133,Mexico,Male,6/4/2007,Legal,Utah,Exempt,No,100650,0.0425,3485,4462,4775,1418, Constance Knight
2,4462,133,Mexico,Male,6/4/2007,Legal,Utah,Exempt,No,100650,0.0425,3485,4462,4775,1418, Constance Knight
3,4775,133,Mexico,Male,6/4/2007,Legal,Utah,Exempt,No,100650,0.0425,3485,4462,4775,1418, Constance Knight
1,3485,133,Mexico,Male,6/4/2007,Legal,Utah,Exempt,No,100650,0.0425,3485,4462,4775,1418, Constance Knight
4,1545,134,Indian,Female,8/24/2010,Sales,Utah,Exempt,No,95975,0.046969638,3962,4735,3431,1545, Adam Frazier
2,4735,134,Indian,Female,8/24/2010,Sales,Utah,Exempt,No,95975,0.046969638,3962,4735,3431,1545, Adam Frazier
3,3431,134,Indian,Female,8/24/2010,Sales,Utah,Exempt,No,95975,0.046969638,3962,4735,3431,1545, Adam Frazier
1,3962,134,Indian,Female,8/24/2010,Sales,Utah,Exempt,No,95975,0.046969638,3962,4735,3431,1545, Adam Frazier
4,2149,135,Indian,Male,1/21/2010,BI,Utah,Non-exempt,No,94623,0.106779678,2376,1743,3798,2149, Mable Adkins
2,1743,135,Indian,Male,1/21/2010,BI,Utah,Non-exempt,No,94623,0.106779678,2376,1743,3798,2149, Mable Adkins
3,3798,135,Indian,Male,1/21/2010,BI,Utah,Non-exempt,No,94623,0.106779678,2376,1743,3798,2149, Mable Adkins
1,2376,135,Indian,Male,1/21/2010,BI,Utah,Non-exempt,No,94623,0.106779678,2376,1743,3798,2149, Mable Adkins
4,2176,136,Indian,Male,7/9/2010,Tech Support,Utah,Non-exempt,Yes,90768,0.034760008,2704,4990,3507,2176, Patsy Simpson
2,4990,136,Indian,Male,7/9/2010,Tech Support,Utah,Non-exempt,Yes,90768,0.034760008,2704,4990,3507,2176, Patsy Simpson
3,3507,136,Indian,Male,7/9/2010,Tech Support,Utah,Non-exempt,Yes,90768,0.034760008,2704,4990,3507,2176, Patsy Simpson
1,2704,136,Indian,Male,7/9/2010,Tech Support,Utah,Non-exempt,Yes,90768,0.034760008,2704,4990,3507,2176, Patsy Simpson
4,4277,137,Mexico,Male,7/9/2010,Legal,Utah,Exempt,No,95142,0.095,2314,2007,4897,4277, Byron Robbins
2,2007,137,Mexico,Male,7/9/2010,Legal,Utah,Exempt,No,95142,0.095,2314,2007,4897,4277, Byron Robbins
3,4897,137,Mexico,Male,7/9/2010,Legal,Utah,Exempt,No,95142,0.095,2314,2007,4897,4277, Byron Robbins
1,2314,137,Mexico,Male,7/9/2010,Legal,Utah,Exempt,No,95142,0.095,2314,2007,4897,4277, Byron Robbins
4,2150,138,Indian,Male,7/7/2011,Legal,Utah,Non-exempt,No,92465,0.058863399,1032,2262,4170,2150, Sharon Gilbert
2,2262,138,Indian,Male,7/7/2011,Legal,Utah,Non-exempt,No,92465,0.058863399,1032,2262,4170,2150, Sharon Gilbert
3,4170,138,Indian,Male,7/7/2011,Legal,Utah,Non-exempt,No,92465,0.058863399,1032,2262,4170,2150, Sharon Gilbert
1,1032,138,Indian,Male,7/7/2011,Legal,Utah,Non-exempt,No,92465,0.058863399,1032,2262,4170,2150, Sharon Gilbert
4,4031,139,Indian,Male,11/11/2010,Marketing,Utah,Non-exempt,Yes,86830,0.079556816,2918,3821,3333,4031, Jody Douglas
2,3821,139,Indian,Male,11/11/2010,Marketing,Utah,Non-exempt,Yes,86830,0.079556816,2918,3821,3333,4031, Jody Douglas
3,3333,139,Indian,Male,11/11/2010,Marketing,Utah,Non-exempt,Yes,86830,0.079556816,2918,3821,3333,4031, Jody Douglas
1,2918,139,Indian,Male,11/11/2010,Marketing,Utah,Non-exempt,Yes,86830,0.079556816,2918,3821,3333,4031, Jody Douglas
4,2446,140,Mexico,Male,5/7/2011,Tech Support,Utah,Non-exempt,No,135758,0.073784297,1738,2350,4174,2446, Katrina Patrick
2,2350,140,Mexico,Male,5/7/2011,Tech Support,Utah,Non-exempt,No,135758,0.073784297,1738,2350,4174,2446, Katrina Patrick
3,4174,140,Mexico,Male,5/7/2011,Tech Support,Utah,Non-exempt,No,135758,0.073784297,1738,2350,4174,2446, Katrina Patrick
1,1738,140,Mexico,Male,5/7/2011,Tech Support,Utah,Non-exempt,No,135758,0.073784297,1738,2350,4174,2446, Katrina Patrick
4,4507,141,Indian,Male,4/14/2011,Tech Support,Utah,Non-exempt,No,89253,0.039519587,4962,3458,4879,4507, Justin Massey
2,3458,141,Indian,Male,4/14/2011,Tech Support,Utah,Non-exempt,No,89253,0.039519587,4962,3458,4879,4507, Justin Massey
3,4879,141,Indian,Male,4/14/2011,Tech Support,Utah,Non-exempt,No,89253,0.039519587,4962,3458,4879,4507, Justin Massey
1,4962,141,Indian,Male,4/14/2011,Tech Support,Utah,Non-exempt,No,89253,0.039519587,4962,3458,4879,4507, Justin Massey
4,3708,142,Indian,Female,10/1/2011,Finance,Utah,Non-exempt,Yes,135253,0.087083698,2564,4639,2814,3708, Dale Diaz
2,4639,142,Indian,Female,10/1/2011,Finance,Utah,Non-exempt,Yes,135253,0.087083698,2564,4639,2814,3708, Dale Diaz
3,2814,142,Indian,Female,10/1/2011,Finance,Utah,Non-exempt,Yes,135253,0.087083698,2564,4639,2814,3708, Dale Diaz
1,2564,142,Indian,Female,10/1/2011,Finance,Utah,Non-exempt,Yes,135253,0.087083698,2564,4639,2814,3708, Dale Diaz
4,1387,143,Indian,Male,7/17/2012,Marketing,Utah,Non-exempt,No,93728,0.199070476,2111,1951,2693,1387, Mandy Carr
2,1951,143,Indian,Male,7/17/2012,Marketing,Utah,Non-exempt,No,93728,0.199070476,2111,1951,2693,1387, Mandy Carr
3,2693,143,Indian,Male,7/17/2012,Marketing,Utah,Non-exempt,No,93728,0.199070476,2111,1951,2693,1387, Mandy Carr
1,2111,143,Indian,Male,7/17/2012,Marketing,Utah,Non-exempt,No,93728,0.199070476,2111,1951,2693,1387, Mandy Carr
4,2346,144,Indian,Female,1/19/2012,Marketing,Utah,Exempt,No,97445,0.0793,4202,2695,3857,2346, Maurice Kelly
2,2695,144,Indian,Female,1/19/2012,Marketing,Utah,Exempt,No,97445,0.0793,4202,2695,3857,2346, Maurice Kelly
3,3857,144,Indian,Female,1/19/2012,Marketing,Utah,Exempt,No,97445,0.0793,4202,2695,3857,2346, Maurice Kelly
1,4202,144,Indian,Female,1/19/2012,Marketing,Utah,Exempt,No,97445,0.0793,4202,2695,3857,2346, Maurice Kelly
4,1000,145,Indian,Male,12/6/2012,Legal,Utah,Non-exempt,No,136253,0.203085799,1888,1045,2064,1000, Neil Day
2,1045,145,Indian,Male,12/6/2012,Legal,Utah,Non-exempt,No,136253,0.203085799,1888,1045,2064,1000, Neil Day
3,2064,145,Indian,Male,12/6/2012,Legal,Utah,Non-exempt,No,136253,0.203085799,1888,1045,2064,1000, Neil Day
1,1888,145,Indian,Male,12/6/2012,Legal,Utah,Non-exempt,No,136253,0.203085799,1888,1045,2064,1000, Neil Day
4,3541,146,Mexico,Male,9/3/2013,Finance,Utah,Non-exempt,No,88625,0.075363207,1628,4557,3412,3541, Kayla Ellis
2,4557,146,Mexico,Male,9/3/2013,Finance,Utah,Non-exempt,No,88625,0.075363207,1628,4557,3412,3541, Kayla Ellis
3,3412,146,Mexico,Male,9/3/2013,Finance,Utah,Non-exempt,No,88625,0.075363207,1628,4557,3412,3541, Kayla Ellis
1,1628,146,Mexico,Male,9/3/2013,Finance,Utah,Non-exempt,No,88625,0.075363207,1628,4557,3412,3541, Kayla Ellis
4,4621,147,USA,Female,3/26/2015,HR,Utah,Non-exempt,No,85237,,1231,3067,3360,4621, Laurie Cannon
2,3067,147,USA,Female,3/26/2015,HR,Utah,Non-exempt,No,85237,,1231,3067,3360,4621, Laurie Cannon
3,3360,147,USA,Female,3/26/2015,HR,Utah,Non-exempt,No,85237,,1231,3067,3360,4621, Laurie Cannon
1,1231,147,USA,Female,3/26/2015,HR,Utah,Non-exempt,No,85237,,1231,3067,3360,4621, Laurie Cannon
4,2870,148,Indian,Male,8/6/2015,Operation,Utah,Non-exempt,No,94037,,2952,1023,4642,2870, Elena Lee
2,1023,148,Indian,Male,8/6/2015,Operation,Utah,Non-exempt,No,94037,,2952,1023,4642,2870, Elena Lee
3,4642,148,Indian,Male,8/6/2015,Operation,Utah,Non-exempt,No,94037,,2952,1023,4642,2870, Elena Lee
1,2952,148,Indian,Male,8/6/2015,Operation,Utah,Non-exempt,No,94037,,2952,1023,4642,2870, Elena Lee
4,3973,149,Indian,Male,5/1/2006,Legal,Utah,Exempt,No,155833,0.047345509,4849,1808,3936,3973, Brandi Bishop
2,1808,149,Indian,Male,5/1/2006,Legal,Utah,Exempt,No,155833,0.047345509,4849,1808,3936,3973, Brandi Bishop
3,3936,149,Indian,Male,5/1/2006,Legal,Utah,Exempt,No,155833,0.047345509,4849,1808,3936,3973, Brandi Bishop
1,4849,149,Indian,Male,5/1/2006,Legal,Utah,Exempt,No,155833,0.047345509,4849,1808,3936,3973, Brandi Bishop
4,1602,150,Indian,Male,6/4/2006,Legal,Utah,Exempt,No,110253,0.224495262,1624,3914,1147,1602, Lewis Cox
2,3914,150,Indian,Male,6/4/2006,Legal,Utah,Exempt,No,110253,0.224495262,1624,3914,1147,1602, Lewis Cox
3,1147,150,Indian,Male,6/4/2006,Legal,Utah,Exempt,No,110253,0.224495262,1624,3914,1147,1602, Lewis Cox
1,1624,150,Indian,Male,6/4/2006,Legal,Utah,Exempt,No,110253,0.224495262,1624,3914,1147,1602, Lewis Cox
4,4400,151,Mexico,Male,2/5/2008,BI,Utah,Exempt,No,110998,0.061120952,1783,4431,1553,4400, Aaron Garner
2,4431,151,Mexico,Male,2/5/2008,BI,Utah,Exempt,No,110998,0.061120952,1783,4431,1553,4400, Aaron Garner
3,1553,151,Mexico,Male,2/5/2008,BI,Utah,Exempt,No,110998,0.061120952,1783,4431,1553,4400, Aaron Garner
1,1783,151,Mexico,Male,2/5/2008,BI,Utah,Exempt,No,110998,0.061120952,1783,4431,1553,4400, Aaron Garner
4,4730,152,Indian,Male,5/23/2008,Operation,Utah,Exempt,No,107700,0.03,3586,1353,3707,4730, Chris Watson
2,1353,152,Indian,Male,5/23/2008,Operation,Utah,Exempt,No,107700,0.03,3586,1353,3707,4730, Chris Watson
3,3707,152,Indian,Male,5/23/2008,Operation,Utah,Exempt,No,107700,0.03,3586,1353,3707,4730, Chris Watson
1,3586,152,Indian,Male,5/23/2008,Operation,Utah,Exempt,No,107700,0.03,3586,1353,3707,4730, Chris Watson
4,4343,153,Indian,Male,6/4/2007,Tech Support,Utah,Exempt,No,152288,0.069535519,1098,4304,3008,4343, Terence Bennett
2,4304,153,Indian,Male,6/4/2007,Tech Support,Utah,Exempt,No,152288,0.069535519,1098,4304,3008,4343, Terence Bennett
3,3008,153,Indian,Male,6/4/2007,Tech Support,Utah,Exempt,No,152288,0.069535519,1098,4304,3008,4343, Terence Bennett
1,1098,153,Indian,Male,6/4/2007,Tech Support,Utah,Exempt,No,152288,0.069535519,1098,4304,3008,4343, Terence Bennett
4,3217,154,Mexico,Male,11/20/2008,Legal,Utah,Exempt,No,103638,0.025521770,2092,4039,2744,3217, Kay Singleton
2,4039,154,Mexico,Male,11/20/2008,Legal,Utah,Exempt,No,103638,0.025521770,2092,4039,2744,3217, Kay Singleton
3,2744,154,Mexico,Male,11/20/2008,Legal,Utah,Exempt,No,103638,0.025521770,2092,4039,2744,3217, Kay Singleton
1,2092,154,Mexico,Male,11/20/2008,Legal,Utah,Exempt,No,103638,0.025521770,2092,4039,2744,3217, Kay Singleton
4,2054,155,Indian,Male,8/27/2009,BI,Utah,Exempt,No,99700,0.087092415,3963,3544,1961,2054, Melvin Fox
2,3544,155,Indian,Male,8/27/2009,BI,Utah,Exempt,No,99700,0.087092415,3963,3544,1961,2054, Melvin Fox
3,1961,155,Indian,Male,8/27/2009,BI,Utah,Exempt,No,99700,0.087092415,3963,3544,1961,2054, Melvin Fox
1,3963,155,Indian,Male,8/27/2009,BI,Utah,Exempt,No,99700,0.087092415,3963,3544,1961,2054, Melvin Fox
4,3736,156,Indian,Female,12/31/2009,Marketing,Utah,Non-exempt,Yes,141574,0.041,4963,2671,2730,3736, Tyler Haynes
2,2671,156,Indian,Female,12/31/2009,Marketing,Utah,Non-exempt,Yes,141574,0.041,4963,2671,2730,3736, Tyler Haynes
3,2730,156,Indian,Female,12/31/2009,Marketing,Utah,Non-exempt,Yes,141574,0.041,4963,2671,2730,3736, Tyler Haynes
1,4963,156,Indian,Female,12/31/2009,Marketing,Utah,Non-exempt,Yes,141574,0.041,4963,2671,2730,3736, Tyler Haynes
4,2086,157,Indian,Male,7/4/2010,Training,Utah,Exempt,No,108950,0.088556919,1944,4854,2664,2086, Beth Henderson
2,4854,157,Indian,Male,7/4/2010,Training,Utah,Exempt,No,108950,0.088556919,1944,4854,2664,2086, Beth Henderson
3,2664,157,Indian,Male,7/4/2010,Training,Utah,Exempt,No,108950,0.088556919,1944,4854,2664,2086, Beth Henderson
1,1944,157,Indian,Male,7/4/2010,Training,Utah,Exempt,No,108950,0.088556919,1944,4854,2664,2086, Beth Henderson
4,4723,158,Mexico,Male,9/15/2011,Legal,Utah,Exempt,No,114370,0.047515651,4661,1984,3958,4723, Phillip Caldwell
2,1984,158,Mexico,Male,9/15/2011,Legal,Utah,Exempt,No,114370,0.047515651,4661,1984,3958,4723, Phillip Caldwell
3,3958,158,Mexico,Male,9/15/2011,Legal,Utah,Exempt,No,114370,0.047515651,4661,1984,3958,4723, Phillip Caldwell
1,4661,158,Mexico,Male,9/15/2011,Legal,Utah,Exempt,No,114370,0.047515651,4661,1984,3958,4723, Phillip Caldwell
4,2009,159,USA,Male,11/30/2012,Sales,Utah,Exempt,Yes,117950,0.091717536,4250,1950,4264,2009, Nancy Walsh
2,1950,159,USA,Male,11/30/2012,Sales,Utah,Exempt,Yes,117950,0.091717536,4250,1950,4264,2009, Nancy Walsh
3,4264,159,USA,Male,11/30/2012,Sales,Utah,Exempt,Yes,117950,0.091717536,4250,1950,4264,2009, Nancy Walsh
1,4250,159,USA,Male,11/30/2012,Sales,Utah,Exempt,Yes,117950,0.091717536,4250,1950,4264,2009, Nancy Walsh
4,1482,160,USA,Female,9/15/2012,Operation,Utah,Exempt,No,109440,0.037393860,2834,4231,4892,1482, Catherine Murray
2,4231,160,USA,Female,9/15/2012,Operation,Utah,Exempt,No,109440,0.037393860,2834,4231,4892,1482, Catherine Murray
3,4892,160,USA,Female,9/15/2012,Operation,Utah,Exempt,No,109440,0.037393860,2834,4231,4892,1482, Catherine Murray
1,2834,160,USA,Female,9/15/2012,Operation,Utah,Exempt,No,109440,0.037393860,2834,4231,4892,1482, Catherine Murray
4,1445,161,Indian,Female,9/13/2012,Training,Utah,Exempt,No,116925,0.039845377,2739,1293,2647,1445, Opal Byrd
2,1293,161,Indian,Female,9/13/2012,Training,Utah,Exempt,No,116925,0.039845377,2739,1293,2647,1445, Opal Byrd
3,2647,161,Indian,Female,9/13/2012,Training,Utah,Exempt,No,116925,0.039845377,2739,1293,2647,1445, Opal Byrd
1,2739,161,Indian,Female,9/13/2012,Training,Utah,Exempt,No,116925,0.039845377,2739,1293,2647,1445, Opal Byrd
4,3129,162,Indian,Male,1/3/2014,Legal,Utah,Exempt,No,103093,0.087126437,4284,3946,3416,3129, Earl Ingram
2,3946,162,Indian,Male,1/3/2014,Legal,Utah,Exempt,No,103093,0.087126437,4284,3946,3416,3129, Earl Ingram
3,3416,162,Indian,Male,1/3/2014,Legal,Utah,Exempt,No,103093,0.087126437,4284,3946,3416,3129, Earl Ingram
1,4284,162,Indian,Male,1/3/2014,Legal,Utah,Exempt,No,103093,0.087126437,4284,3946,3416,3129, Earl Ingram
4,1030,163,USA,Male,12/9/2014,BI,Utah,Exempt,No,157253,0.076036231,4309,1398,2276,1030, Marlene Davidson
2,1398,163,USA,Male,12/9/2014,BI,Utah,Exempt,No,157253,0.076036231,4309,1398,2276,1030, Marlene Davidson
3,2276,163,USA,Male,12/9/2014,BI,Utah,Exempt,No,157253,0.076036231,4309,1398,2276,1030, Marlene Davidson
1,4309,163,USA,Male,12/9/2014,BI,Utah,Exempt,No,157253,0.076036231,4309,1398,2276,1030, Marlene Davidson
4,3919,164,Indian,Female,8/9/2014,Operation,Utah,Exempt,No,105950,0.106983289,2606,2793,3515,3919, Timmy Kelley
2,2793,164,Indian,Female,8/9/2014,Operation,Utah,Exempt,No,105950,0.106983289,2606,2793,3515,3919, Timmy Kelley
3,3515,164,Indian,Female,8/9/2014,Operation,Utah,Exempt,No,105950,0.106983289,2606,2793,3515,3919, Timmy Kelley
1,2606,164,Indian,Female,8/9/2014,Operation,Utah,Exempt,No,105950,0.106983289,2606,2793,3515,3919, Timmy Kelley
4,4807,165,Indian,Female,8/14/2014,Tech Support,Utah,Exempt,No,148958,0.0375,2903,1147,2264,4807, Virgil Moran
2,1147,165,Indian,Female,8/14/2014,Tech Support,Utah,Exempt,No,148958,0.0375,2903,1147,2264,4807, Virgil Moran
3,2264,165,Indian,Female,8/14/2014,Tech Support,Utah,Exempt,No,148958,0.0375,2903,1147,2264,4807, Virgil Moran
1,2903,165,Indian,Female,8/14/2014,Tech Support,Utah,Exempt,No,148958,0.0375,2903,1147,2264,4807, Virgil Moran
4,3538,166,USA,Female,5/10/2016,Legal,Utah,Exempt,No,100465,,1812,3754,2711,3538, Adrienne Owen
2,3754,166,USA,Female,5/10/2016,Legal,Utah,Exempt,No,100465,,1812,3754,2711,3538, Adrienne Owen
3,2711,166,USA,Female,5/10/2016,Legal,Utah,Exempt,No,100465,,1812,3754,2711,3538, Adrienne Owen
1,1812,166,USA,Female,5/10/2016,Legal,Utah,Exempt,No,100465,,1812,3754,2711,3538, Adrienne Owen
4,1775,167,Indian,Male,6/8/2015,BI,Utah,Exempt,Yes,108965,,3353,2321,3070,1775, Malcolm Carlson
2,2321,167,Indian,Male,6/8/2015,BI,Utah,Exempt,Yes,108965,,3353,2321,3070,1775, Malcolm Carlson
3,3070,167,Indian,Male,6/8/2015,BI,Utah,Exempt,Yes,108965,,3353,2321,3070,1775, Malcolm Carlson
1,3353,167,Indian,Male,6/8/2015,BI,Utah,Exempt,Yes,108965,,3353,2321,3070,1775, Malcolm Carlson
4,2777,168,Mexico,Female,7/16/2015,Marketing,Utah,Exempt,No,105950,,4244,3652,3743,2777, Jamie Hart
2,3652,168,Mexico,Female,7/16/2015,Marketing,Utah,Exempt,No,105950,,4244,3652,3743,2777, Jamie Hart
3,3743,168,Mexico,Female,7/16/2015,Marketing,Utah,Exempt,No,105950,,4244,3652,3743,2777, Jamie Hart
1,4244,168,Mexico,Female,7/16/2015,Marketing,Utah,Exempt,No,105950,,4244,3652,3743,2777, Jamie Hart
4,4571,169,Indian,Female,6/5/2016,Tech Support,Utah,Exempt,No,100253,,1674,1225,2658,4571, Kristin Hoffman
2,1225,169,Indian,Female,6/5/2016,Tech Support,Utah,Exempt,No,100253,,1674,1225,2658,4571, Kristin Hoffman
3,2658,169,Indian,Female,6/5/2016,Tech Support,Utah,Exempt,No,100253,,1674,1225,2658,4571, Kristin Hoffman
1,1674,169,Indian,Female,6/5/2016,Tech Support,Utah,Exempt,No,100253,,1674,1225,2658,4571, Kristin Hoffman
4,4820,170,Indian,Male,10/2/2008,Legal,Utah,Exempt,No,129963,0.035590984,3464,4522,4147,4820, Daisy Wood
2,4522,170,Indian,Male,10/2/2008,Legal,Utah,Exempt,No,129963,0.035590984,3464,4522,4147,4820, Daisy Wood
3,4147,170,Indian,Male,10/2/2008,Legal,Utah,Exempt,No,129963,0.035590984,3464,4522,4147,4820, Daisy Wood
1,3464,170,Indian,Male,10/2/2008,Legal,Utah,Exempt,No,129963,0.035590984,3464,4522,4147,4820, Daisy Wood
4,1875,171,Mexico,Male,5/9/2009,Finance,Utah,Exempt,No,135615,0.067947859,3189,2860,1317,1875, Maxine Norris
2,2860,171,Mexico,Male,5/9/2009,Finance,Utah,Exempt,No,135615,0.067947859,3189,2860,1317,1875, Maxine Norris
3,1317,171,Mexico,Male,5/9/2009,Finance,Utah,Exempt,No,135615,0.067947859,3189,2860,1317,1875, Maxine Norris
1,3189,171,Mexico,Male,5/9/2009,Finance,Utah,Exempt,No,135615,0.067947859,3189,2860,1317,1875, Maxine Norris
4,2704,172,Indian,Male,3/6/2012,Marketing,Utah,Exempt,No,163880,0.06,2808,3637,3271,2704, Linda Lowe
2,3637,172,Indian,Male,3/6/2012,Marketing,Utah,Exempt,No,163880,0.06,2808,3637,3271,2704, Linda Lowe
3,3271,172,Indian,Male,3/6/2012,Marketing,Utah,Exempt,No,163880,0.06,2808,3637,3271,2704, Linda Lowe
1,2808,172,Indian,Male,3/6/2012,Marketing,Utah,Exempt,No,163880,0.06,2808,3637,3271,2704, Linda Lowe
4,3644,173,Indian,Male,5/20/2014,Tech Support,Utah,Exempt,No,175768,0.047849943,2472,1074,2010,3644, Rosemarie Perez
2,1074,173,Indian,Male,5/20/2014,Tech Support,Utah,Exempt,No,175768,0.047849943,2472,1074,2010,3644, Rosemarie Perez
3,2010,173,Indian,Male,5/20/2014,Tech Support,Utah,Exempt,No,175768,0.047849943,2472,1074,2010,3644, Rosemarie Perez
1,2472,173,Indian,Male,5/20/2014,Tech Support,Utah,Exempt,No,175768,0.047849943,2472,1074,2010,3644, Rosemarie Perez
4,1537,174,Indian,Male,10/6/2015,Legal,Utah,Exempt,No,161253,,1046,1305,4747,1537, Teresa Schmidt
2,1305,174,Indian,Male,10/6/2015,Legal,Utah,Exempt,No,161253,,1046,1305,4747,1537, Teresa Schmidt
3,4747,174,Indian,Male,10/6/2015,Legal,Utah,Exempt,No,161253,,1046,1305,4747,1537, Teresa Schmidt
1,1046,174,Indian,Male,10/6/2015,Legal,Utah,Exempt,No,161253,,1046,1305,4747,1537, Teresa Schmidt
4,2963,175,,Male,8/13/2015,HR,Utah,Exempt,No,163253,,1831,3280,1595,2963, Ira Edwards
2,3280,175,,Male,8/13/2015,HR,Utah,Exempt,No,163253,,1831,3280,1595,2963, Ira Edwards
3,1595,175,,Male,8/13/2015,HR,Utah,Exempt,No,163253,,1831,3280,1595,2963, Ira Edwards
1,1831,175,,Male,8/13/2015,HR,Utah,Exempt,No,163253,,1831,3280,1595,2963, Ira Edwards
4,3818,176,Indian,Male,1/29/2016,Marketing,Utah,Exempt,No,166253,,1196,3326,4928,3818, Colleen Mcgee
2,3326,176,Indian,Male,1/29/2016,Marketing,Utah,Exempt,No,166253,,1196,3326,4928,3818, Colleen Mcgee
3,4928,176,Indian,Male,1/29/2016,Marketing,Utah,Exempt,No,166253,,1196,3326,4928,3818, Colleen Mcgee
1,1196,176,Indian,Male,1/29/2016,Marketing,Utah,Exempt,No,166253,,1196,3326,4928,3818, Colleen Mcgee
4,1536,177,Indian,Male,1/17/2015,Operation,Utah,Exempt,No,181253,,2201,4220,2320,1536, Evan Brock
2,4220,177,Indian,Male,1/17/2015,Operation,Utah,Exempt,No,181253,,2201,4220,2320,1536, Evan Brock
3,2320,177,Indian,Male,1/17/2015,Operation,Utah,Exempt,No,181253,,2201,4220,2320,1536, Evan Brock
1,2201,177,Indian,Male,1/17/2015,Operation,Utah,Exempt,No,181253,,2201,4220,2320,1536, Evan Brock
4,1751,178,USA,Male,1/30/2010,Legal,Utah,Exempt,No,295253,0.13,4990,1473,1067,1751, Curtis Patterson
2,1473,178,USA,Male,1/30/2010,Legal,Utah,Exempt,No,295253,0.13,4990,1473,1067,1751, Curtis Patterson
3,1067,178,USA,Male,1/30/2010,Legal,Utah,Exempt,No,295253,0.13,4990,1473,1067,1751, Curtis Patterson
1,4990,178,USA,Male,1/30/2010,Legal,Utah,Exempt,No,295253,0.13,4990,1473,1067,1751, Curtis Patterson
4,3617,179,USA,Female,6/20/2013,BI,Washington,Exempt,No,105690,0.030740693,1837,3862,1366,3617, Sarah Conner
2,3862,179,USA,Female,6/20/2013,BI,Washington,Exempt,No,105690,0.030740693,1837,3862,1366,3617, Sarah Conner
3,1366,179,USA,Female,6/20/2013,BI,Washington,Exempt,No,105690,0.030740693,1837,3862,1366,3617, Sarah Conner
1,1837,179,USA,Female,6/20/2013,BI,Washington,Exempt,No,105690,0.030740693,1837,3862,1366,3617, Sarah Conner
4,2948,180,Indian,Male,8/16/2007,Tech Support,Washington,Exempt,Yes,197333,0.1,1388,4698,2085,2948, Nichole Ball
2,4698,180,Indian,Male,8/16/2007,Tech Support,Washington,Exempt,Yes,197333,0.1,1388,4698,2085,2948, Nichole Ball
3,2085,180,Indian,Male,8/16/2007,Tech Support,Washington,Exempt,Yes,197333,0.1,1388,4698,2085,2948, Nichole Ball
1,1388,180,Indian,Male,8/16/2007,Tech Support,Washington,Exempt,Yes,197333,0.1,1388,4698,2085,2948, Nichole Ball
4,3008,181,USA,Male,9/5/2006,Training,Washington,Exempt,No,100410,0.065477160,3666,1170,1762,3008, Devin Harmon
2,1170,181,USA,Male,9/5/2006,Training,Washington,Exempt,No,100410,0.065477160,3666,1170,1762,3008, Devin Harmon
3,1762,181,USA,Male,9/5/2006,Training,Washington,Exempt,No,100410,0.065477160,3666,1170,1762,3008, Devin Harmon
1,3666,181,USA,Male,9/5/2006,Training,Washington,Exempt,No,100410,0.065477160,3666,1170,1762,3008, Devin Harmon
4,1936,182,Indian,Male,2/25/2008,Legal,Washington,Exempt,Yes,156253,0.030860656,3543,4438,1109,1936, Domingo Lyons
2,4438,182,Indian,Male,2/25/2008,Legal,Washington,Exempt,Yes,156253,0.030860656,3543,4438,1109,1936, Domingo Lyons
3,1109,182,Indian,Male,2/25/2008,Legal,Washington,Exempt,Yes,156253,0.030860656,3543,4438,1109,1936, Domingo Lyons
1,3543,182,Indian,Male,2/25/2008,Legal,Washington,Exempt,Yes,156253,0.030860656,3543,4438,1109,1936, Domingo Lyons
4,2181,183,Indian,Male,4/18/2010,Marketing,Washington,Non-exempt,No,88446,0.190431166,4008,3450,2545,2181, Allison Jefferson
2,3450,183,Indian,Male,4/18/2010,Marketing,Washington,Non-exempt,No,88446,0.190431166,4008,3450,2545,2181, Allison Jefferson
3,2545,183,Indian,Male,4/18/2010,Marketing,Washington,Non-exempt,No,88446,0.190431166,4008,3450,2545,2181, Allison Jefferson
1,4008,183,Indian,Male,4/18/2010,Marketing,Washington,Non-exempt,No,88446,0.190431166,4008,3450,2545,2181, Allison Jefferson
4,2499,184,Indian,Male,10/2/2010,Operation,Washington,Non-exempt,No,96143,0.054953578,1728,2712,3763,2499, Jonathan Osborne
2,2712,184,Indian,Male,10/2/2010,Operation,Washington,Non-exempt,No,96143,0.054953578,1728,2712,3763,2499, Jonathan Osborne
3,3763,184,Indian,Male,10/2/2010,Operation,Washington,Non-exempt,No,96143,0.054953578,1728,2712,3763,2499, Jonathan Osborne
1,1728,184,Indian,Male,10/2/2010,Operation,Washington,Non-exempt,No,96143,0.054953578,1728,2712,3763,2499, Jonathan Osborne
4,1255,185,USA,Female,10/10/2010,Tech Support,Washington,Non-exempt,No,90435,0.087260008,2395,1404,3098,1255, Alice Alvarado
2,1404,185,USA,Female,10/10/2010,Tech Support,Washington,Non-exempt,No,90435,0.087260008,2395,1404,3098,1255, Alice Alvarado
3,3098,185,USA,Female,10/10/2010,Tech Support,Washington,Non-exempt,No,90435,0.087260008,2395,1404,3098,1255, Alice Alvarado
1,2395,185,USA,Female,10/10/2010,Tech Support,Washington,Non-exempt,No,90435,0.087260008,2395,1404,3098,1255, Alice Alvarado
4,2514,186,USA,Male,8/22/2010,Finance,Washington,Non-exempt,No,91770,0.03,1076,2644,1944,2514, Leigh Saunders
2,2644,186,USA,Male,8/22/2010,Finance,Washington,Non-exempt,No,91770,0.03,1076,2644,1944,2514, Leigh Saunders
3,1944,186,USA,Male,8/22/2010,Finance,Washington,Non-exempt,No,91770,0.03,1076,2644,1944,2514, Leigh Saunders
1,1076,186,USA,Male,8/22/2010,Finance,Washington,Non-exempt,No,91770,0.03,1076,2644,1944,2514, Leigh Saunders
4,4755,187,USA,Male,10/7/2010,BI,Washington,Non-exempt,No,89420,0.047260008,2526,3426,2138,4755, Amy Little
2,3426,187,USA,Male,10/7/2010,BI,Washington,Non-exempt,No,89420,0.047260008,2526,3426,2138,4755, Amy Little
3,2138,187,USA,Male,10/7/2010,BI,Washington,Non-exempt,No,89420,0.047260008,2526,3426,2138,4755, Amy Little
1,2526,187,USA,Male,10/7/2010,BI,Washington,Non-exempt,No,89420,0.047260008,2526,3426,2138,4755, Amy Little
4,2553,188,USA,Male,1/13/2011,Marketing,Washington,Non-exempt,No,89858,0.072958356,3475,2107,1171,2553, Crystal Scott
2,2107,188,USA,Male,1/13/2011,Marketing,Washington,Non-exempt,No,89858,0.072958356,3475,2107,1171,2553, Crystal Scott
3,1171,188,USA,Male,1/13/2011,Marketing,Washington,Non-exempt,No,89858,0.072958356,3475,2107,1171,2553, Crystal Scott
1,3475,188,USA,Male,1/13/2011,Marketing,Washington,Non-exempt,No,89858,0.072958356,3475,2107,1171,2553, Crystal Scott
4,4371,189,USA,Male,4/10/2012,Legal,Washington,Non-exempt,No,87450,0.109249484,3713,1239,3986,4371, Loretta Keller
2,1239,189,USA,Male,4/10/2012,Legal,Washington,Non-exempt,No,87450,0.109249484,3713,1239,3986,4371, Loretta Keller
3,3986,189,USA,Male,4/10/2012,Legal,Washington,Non-exempt,No,87450,0.109249484,3713,1239,3986,4371, Loretta Keller
1,3713,189,USA,Male,4/10/2012,Legal,Washington,Non-exempt,No,87450,0.109249484,3713,1239,3986,4371, Loretta Keller
4,2267,190,USA,Male,6/6/2011,Legal,Washington,Non-exempt,No,91283,0.064842037,2731,2895,2611,2267, Harvey Mcdonald
2,2895,190,USA,Male,6/6/2011,Legal,Washington,Non-exempt,No,91283,0.064842037,2731,2895,2611,2267, Harvey Mcdonald
3,2611,190,USA,Male,6/6/2011,Legal,Washington,Non-exempt,No,91283,0.064842037,2731,2895,2611,2267, Harvey Mcdonald
1,2731,190,USA,Male,6/6/2011,Legal,Washington,Non-exempt,No,91283,0.064842037,2731,2895,2611,2267, Harvey Mcdonald
4,1241,191,USA,Male,6/30/2011,HR,Washington,Non-exempt,No,88465,0.069235783,2542,1915,2011,1241, Allan Cross
2,1915,191,USA,Male,6/30/2011,HR,Washington,Non-exempt,No,88465,0.069235783,2542,1915,2011,1241, Allan Cross
3,2011,191,USA,Male,6/30/2011,HR,Washington,Non-exempt,No,88465,0.069235783,2542,1915,2011,1241, Allan Cross
1,2542,191,USA,Male,6/30/2011,HR,Washington,Non-exempt,No,88465,0.069235783,2542,1915,2011,1241, Allan Cross
4,3923,192,USA,Male,6/10/2012,Operation,Washington,Non-exempt,No,92623,0.0411,1983,4833,2998,3923, Tami Tran
2,4833,192,USA,Male,6/10/2012,Operation,Washington,Non-exempt,No,92623,0.0411,1983,4833,2998,3923, Tami Tran
3,2998,192,USA,Male,6/10/2012,Operation,Washington,Non-exempt,No,92623,0.0411,1983,4833,2998,3923, Tami Tran
1,1983,192,USA,Male,6/10/2012,Operation,Washington,Non-exempt,No,92623,0.0411,1983,4833,2998,3923, Tami Tran
4,4541,193,USA,Male,2/23/2013,Tech Support,Washington,Exempt,No,102965,0.107879949,3702,3753,3160,4541, Misty Mcguire
2,3753,193,USA,Male,2/23/2013,Tech Support,Washington,Exempt,No,102965,0.107879949,3702,3753,3160,4541, Misty Mcguire
3,3160,193,USA,Male,2/23/2013,Tech Support,Washington,Exempt,No,102965,0.107879949,3702,3753,3160,4541, Misty Mcguire
1,3702,193,USA,Male,2/23/2013,Tech Support,Washington,Exempt,No,102965,0.107879949,3702,3753,3160,4541, Misty Mcguire
4,4735,194,USA,Female,12/13/2012,Legal,Washington,Non-exempt,No,90418,0.074737050,3344,4667,1314,4735, Ronnie Mclaughlin
2,4667,194,USA,Female,12/13/2012,Legal,Washington,Non-exempt,No,90418,0.074737050,3344,4667,1314,4735, Ronnie Mclaughlin
3,1314,194,USA,Female,12/13/2012,Legal,Washington,Non-exempt,No,90418,0.074737050,3344,4667,1314,4735, Ronnie Mclaughlin
1,3344,194,USA,Female,12/13/2012,Legal,Washington,Non-exempt,No,90418,0.074737050,3344,4667,1314,4735, Ronnie Mclaughlin
4,1424,195,USA,Female,6/11/2015,BI,Washington,Non-exempt,No,81998,,4701,4216,3277,1424, Jon Nguyen
2,4216,195,USA,Female,6/11/2015,BI,Washington,Non-exempt,No,81998,,4701,4216,3277,1424, Jon Nguyen
3,3277,195,USA,Female,6/11/2015,BI,Washington,Non-exempt,No,81998,,4701,4216,3277,1424, Jon Nguyen
1,4701,195,USA,Female,6/11/2015,BI,Washington,Non-exempt,No,81998,,4701,4216,3277,1424, Jon Nguyen
4,2215,196,USA,Female,10/20/2015,Marketing,Washington,Non-exempt,No,139349,,3718,3803,3553,2215, Lisa Ramirez
2,3803,196,USA,Female,10/20/2015,Marketing,Washington,Non-exempt,No,139349,,3718,3803,3553,2215, Lisa Ramirez
3,3553,196,USA,Female,10/20/2015,Marketing,Washington,Non-exempt,No,139349,,3718,3803,3553,2215, Lisa Ramirez
1,3718,196,USA,Female,10/20/2015,Marketing,Washington,Non-exempt,No,139349,,3718,3803,3553,2215, Lisa Ramirez
4,1105,197,USA,Female,4/22/2016,Tech Support,Washington,Non-exempt,No,86381,,4546,4906,1080,1105, Julius Daniel
2,4906,197,USA,Female,4/22/2016,Tech Support,Washington,Non-exempt,No,86381,,4546,4906,1080,1105, Julius Daniel
3,1080,197,USA,Female,4/22/2016,Tech Support,Washington,Non-exempt,No,86381,,4546,4906,1080,1105, Julius Daniel
1,4546,197,USA,Female,4/22/2016,Tech Support,Washington,Non-exempt,No,86381,,4546,4906,1080,1105, Julius Daniel
4,4992,198,USA,Male,6/10/2006,Legal,Washington,Exempt,No,157753,0.080386431,4455,1484,2866,4992, Brenda Mathis
2,1484,198,USA,Male,6/10/2006,Legal,Washington,Exempt,No,157753,0.080386431,4455,1484,2866,4992, Brenda Mathis
3,2866,198,USA,Male,6/10/2006,Legal,Washington,Exempt,No,157753,0.080386431,4455,1484,2866,4992, Brenda Mathis
1,4455,198,USA,Male,6/10/2006,Legal,Washington,Exempt,No,157753,0.080386431,4455,1484,2866,4992, Brenda Mathis
4,4310,199,USA,Male,10/12/2006,HR,Washington,Exempt,No,112253,0.075757949,4503,2700,1203,4310, Darrell Jimenez
2,2700,199,USA,Male,10/12/2006,HR,Washington,Exempt,No,112253,0.075757949,4503,2700,1203,4310, Darrell Jimenez
3,1203,199,USA,Male,10/12/2006,HR,Washington,Exempt,No,112253,0.075757949,4503,2700,1203,4310, Darrell Jimenez
1,4503,199,USA,Male,10/12/2006,HR,Washington,Exempt,No,112253,0.075757949,4503,2700,1203,4310, Darrell Jimenez
4,2570,200,USA,Male,3/5/2007,Marketing,Washington,Exempt,No,148733,0.03,2993,4173,2275,2570, Peggy Munoz
2,4173,200,USA,Male,3/5/2007,Marketing,Washington,Exempt,No,148733,0.03,2993,4173,2275,2570, Peggy Munoz
3,2275,200,USA,Male,3/5/2007,Marketing,Washington,Exempt,No,148733,0.03,2993,4173,2275,2570, Peggy Munoz
1,2993,200,USA,Male,3/5/2007,Marketing,Washington,Exempt,No,148733,0.03,2993,4173,2275,2570, Peggy Munoz
4,2887,201,USA,Male,9/13/2007,Training,Washington,Exempt,No,111290,0.030930824,3947,1963,1311,2887, Alexander Ferguson
2,1963,201,USA,Male,9/13/2007,Training,Washington,Exempt,No,111290,0.030930824,3947,1963,1311,2887, Alexander Ferguson
3,1311,201,USA,Male,9/13/2007,Training,Washington,Exempt,No,111290,0.030930824,3947,1963,1311,2887, Alexander Ferguson
1,3947,201,USA,Male,9/13/2007,Training,Washington,Exempt,No,111290,0.030930824,3947,1963,1311,2887, Alexander Ferguson
4,2948,202,USA,Male,10/6/2009,Legal,Washington,Exempt,No,144428,0.056974904,3750,4346,3778,2948, Alonzo Oliver
2,4346,202,USA,Male,10/6/2009,Legal,Washington,Exempt,No,144428,0.056974904,3750,4346,3778,2948, Alonzo Oliver
3,3778,202,USA,Male,10/6/2009,Legal,Washington,Exempt,No,144428,0.056974904,3750,4346,3778,2948, Alonzo Oliver
1,3750,202,USA,Male,10/6/2009,Legal,Washington,Exempt,No,144428,0.056974904,3750,4346,3778,2948, Alonzo Oliver
4,3309,203,USA,Male,12/18/2008,Sales,Washington,Exempt,No,117150,0.07,4597,2173,2720,3309, Ryan Owens
2,2173,203,USA,Male,12/18/2008,Sales,Washington,Exempt,No,117150,0.07,4597,2173,2720,3309, Ryan Owens
3,2720,203,USA,Male,12/18/2008,Sales,Washington,Exempt,No,117150,0.07,4597,2173,2720,3309, Ryan Owens
1,4597,203,USA,Male,12/18/2008,Sales,Washington,Exempt,No,117150,0.07,4597,2173,2720,3309, Ryan Owens
4,1833,204,USA,Female,3/4/2010,Operation,Washington,Exempt,No,149553,0.025517554,4387,2521,4822,1833, Vanessa Tyler
2,2521,204,USA,Female,3/4/2010,Operation,Washington,Exempt,No,149553,0.025517554,4387,2521,4822,1833, Vanessa Tyler
3,4822,204,USA,Female,3/4/2010,Operation,Washington,Exempt,No,149553,0.025517554,4387,2521,4822,1833, Vanessa Tyler
1,4387,204,USA,Female,3/4/2010,Operation,Washington,Exempt,No,149553,0.025517554,4387,2521,4822,1833, Vanessa Tyler
4,4240,205,USA,Male,5/6/2010,Tech Support,Washington,Exempt,No,110043,0.079744875,4572,4493,1972,4240, Essie Matthews
2,4493,205,USA,Male,5/6/2010,Tech Support,Washington,Exempt,No,110043,0.079744875,4572,4493,1972,4240, Essie Matthews
3,1972,205,USA,Male,5/6/2010,Tech Support,Washington,Exempt,No,110043,0.079744875,4572,4493,1972,4240, Essie Matthews
1,4572,205,USA,Male,5/6/2010,Tech Support,Washington,Exempt,No,110043,0.079744875,4572,4493,1972,4240, Essie Matthews
4,1393,206,USA,Male,1/8/2011,Legal,Washington,Exempt,No,143445,0.06,4793,3521,3523,1393, Jessie Jackson
2,3521,206,USA,Male,1/8/2011,Legal,Washington,Exempt,No,143445,0.06,4793,3521,3523,1393, Jessie Jackson
3,3523,206,USA,Male,1/8/2011,Legal,Washington,Exempt,No,143445,0.06,4793,3521,3523,1393, Jessie Jackson
1,4793,206,USA,Male,1/8/2011,Legal,Washington,Exempt,No,143445,0.06,4793,3521,3523,1393, Jessie Jackson
4,4880,207,USA,Male,1/26/2012,BI,Washington,Exempt,No,110965,0.070789474,3251,1477,1640,4880, Lois Sullivan
2,1477,207,USA,Male,1/26/2012,BI,Washington,Exempt,No,110965,0.070789474,3251,1477,1640,4880, Lois Sullivan
3,1640,207,USA,Male,1/26/2012,BI,Washington,Exempt,No,110965,0.070789474,3251,1477,1640,4880, Lois Sullivan
1,3251,207,USA,Male,1/26/2012,BI,Washington,Exempt,No,110965,0.070789474,3251,1477,1640,4880, Lois Sullivan
4,4572,208,USA,Male,5/3/2012,Marketing,Washington,Exempt,No,106888,0.065671558,3466,3091,2909,4572, Jerald George
2,3091,208,USA,Male,5/3/2012,Marketing,Washington,Exempt,No,106888,0.065671558,3466,3091,2909,4572, Jerald George
3,2909,208,USA,Male,5/3/2012,Marketing,Washington,Exempt,No,106888,0.065671558,3466,3091,2909,4572, Jerald George
1,3466,208,USA,Male,5/3/2012,Marketing,Washington,Exempt,No,106888,0.065671558,3466,3091,2909,4572, Jerald George
4,2397,209,USA,Male,7/23/2013,Tech Support,Washington,Exempt,No,100883,0.04,2918,1436,2611,2397, Jan Baldwin
2,1436,209,USA,Male,7/23/2013,Tech Support,Washington,Exempt,No,100883,0.04,2918,1436,2611,2397, Jan Baldwin
3,2611,209,USA,Male,7/23/2013,Tech Support,Washington,Exempt,No,100883,0.04,2918,1436,2611,2397, Jan Baldwin
1,2918,209,USA,Male,7/23/2013,Tech Support,Washington,Exempt,No,100883,0.04,2918,1436,2611,2397, Jan Baldwin
4,4428,210,USA,Male,2/7/2013,Legal,Washington,Exempt,No,108630,0.035802728,4242,3151,2309,4428, Jessica Hayes
2,3151,210,USA,Male,2/7/2013,Legal,Washington,Exempt,No,108630,0.035802728,4242,3151,2309,4428, Jessica Hayes
3,2309,210,USA,Male,2/7/2013,Legal,Washington,Exempt,No,108630,0.035802728,4242,3151,2309,4428, Jessica Hayes
1,4242,210,USA,Male,2/7/2013,Legal,Washington,Exempt,No,108630,0.035802728,4242,3151,2309,4428, Jessica Hayes
4,4097,211,USA,Male,7/18/2013,Sales,Washington,Exempt,Yes,104450,0.135527204,4250,1155,3999,4097, Pearl Chapman
2,1155,211,USA,Male,7/18/2013,Sales,Washington,Exempt,Yes,104450,0.135527204,4250,1155,3999,4097, Pearl Chapman
3,3999,211,USA,Male,7/18/2013,Sales,Washington,Exempt,Yes,104450,0.135527204,4250,1155,3999,4097, Pearl Chapman
1,4250,211,USA,Male,7/18/2013,Sales,Washington,Exempt,Yes,104450,0.135527204,4250,1155,3999,4097, Pearl Chapman
4,3858,212,USA,Female,1/9/2014,Marketing,Washington,Exempt,No,98590,0.074184829,2888,1542,4290,3858, Kelly Lewis
2,1542,212,USA,Female,1/9/2014,Marketing,Washington,Exempt,No,98590,0.074184829,2888,1542,4290,3858, Kelly Lewis
3,4290,212,USA,Female,1/9/2014,Marketing,Washington,Exempt,No,98590,0.074184829,2888,1542,4290,3858, Kelly Lewis
1,2888,212,USA,Female,1/9/2014,Marketing,Washington,Exempt,No,98590,0.074184829,2888,1542,4290,3858, Kelly Lewis
4,1578,213,USA,Male,10/23/2014,Tech Support,Washington,Exempt,No,114293,,2224,4796,3820,1578, Bruce Cummings
2,4796,213,USA,Male,10/23/2014,Tech Support,Washington,Exempt,No,114293,,2224,4796,3820,1578, Bruce Cummings
3,3820,213,USA,Male,10/23/2014,Tech Support,Washington,Exempt,No,114293,,2224,4796,3820,1578, Bruce Cummings
1,2224,213,USA,Male,10/23/2014,Tech Support,Washington,Exempt,No,114293,,2224,4796,3820,1578, Bruce Cummings
4,3482,214,USA,Female,4/9/2015,Legal,Washington,Exempt,No,97950,,2090,4977,4965,3482, Ernesto Richardson
2,4977,214,USA,Female,4/9/2015,Legal,Washington,Exempt,No,97950,,2090,4977,4965,3482, Ernesto Richardson
3,4965,214,USA,Female,4/9/2015,Legal,Washington,Exempt,No,97950,,2090,4977,4965,3482, Ernesto Richardson
1,2090,214,USA,Female,4/9/2015,Legal,Washington,Exempt,No,97950,,2090,4977,4965,3482, Ernesto Richardson
4,1002,215,USA,Male,5/30/2015,Finance,Washington,Exempt,Yes,108253,,4884,3775,1986,1002, Tracey Fuller
2,3775,215,USA,Male,5/30/2015,Finance,Washington,Exempt,Yes,108253,,4884,3775,1986,1002, Tracey Fuller
3,1986,215,USA,Male,5/30/2015,Finance,Washington,Exempt,Yes,108253,,4884,3775,1986,1002, Tracey Fuller
1,4884,215,USA,Male,5/30/2015,Finance,Washington,Exempt,Yes,108253,,4884,3775,1986,1002, Tracey Fuller
4,2041,216,USA,Female,11/26/2015,Marketing,Washington,Exempt,No,157253,,2699,1331,1244,2041, Veronica Martin
2,1331,216,USA,Female,11/26/2015,Marketing,Washington,Exempt,No,157253,,2699,1331,1244,2041, Veronica Martin
3,1244,216,USA,Female,11/26/2015,Marketing,Washington,Exempt,No,157253,,2699,1331,1244,2041, Veronica Martin
1,2699,216,USA,Female,11/26/2015,Marketing,Washington,Exempt,No,157253,,2699,1331,1244,2041, Veronica Martin
4,1200,217,USA,Male,1/14/2016,Tech Support,Washington,Exempt,No,100950,,2163,4764,1112,1200, Eunice Roberts
2,4764,217,USA,Male,1/14/2016,Tech Support,Washington,Exempt,No,100950,,2163,4764,1112,1200, Eunice Roberts
3,1112,217,USA,Male,1/14/2016,Tech Support,Washington,Exempt,No,100950,,2163,4764,1112,1200, Eunice Roberts
1,2163,217,USA,Male,1/14/2016,Tech Support,Washington,Exempt,No,100950,,2163,4764,1112,1200, Eunice Roberts
4,4290,218,USA,Male,3/21/2006,Legal,Washington,Exempt,No,130580,0.041073847,4767,2649,3370,4290, Nora Goodman
2,2649,218,USA,Male,3/21/2006,Legal,Washington,Exempt,No,130580,0.041073847,4767,2649,3370,4290, Nora Goodman
3,3370,218,USA,Male,3/21/2006,Legal,Washington,Exempt,No,130580,0.041073847,4767,2649,3370,4290, Nora Goodman
1,4767,218,USA,Male,3/21/2006,Legal,Washington,Exempt,No,130580,0.041073847,4767,2649,3370,4290, Nora Goodman
4,4814,219,USA,Male,3/25/2010,HR,Washington,Exempt,No,164788,0.07,1081,2582,4616,4814, Rosemary Reed
2,2582,219,USA,Male,3/25/2010,HR,Washington,Exempt,No,164788,0.07,1081,2582,4616,4814, Rosemary Reed
3,4616,219,USA,Male,3/25/2010,HR,Washington,Exempt,No,164788,0.07,1081,2582,4616,4814, Rosemary Reed
1,1081,219,USA,Male,3/25/2010,HR,Washington,Exempt,No,164788,0.07,1081,2582,4616,4814, Rosemary Reed
4,2711,220,USA,Female,11/15/2011,Marketing,Washington,Exempt,No,113425,0.041477030,2078,2583,2153,2711, Hattie Estrada
2,2583,220,USA,Female,11/15/2011,Marketing,Washington,Exempt,No,113425,0.041477030,2078,2583,2153,2711, Hattie Estrada
3,2153,220,USA,Female,11/15/2011,Marketing,Washington,Exempt,No,113425,0.041477030,2078,2583,2153,2711, Hattie Estrada
1,2078,220,USA,Female,11/15/2011,Marketing,Washington,Exempt,No,113425,0.041477030,2078,2583,2153,2711, Hattie Estrada
4,2536,221,USA,Female,3/28/2013,Operation,Washington,Exempt,Yes,110306,0.02,2333,2936,2179,2536, Aubrey Stokes
2,2936,221,USA,Female,3/28/2013,Operation,Washington,Exempt,Yes,110306,0.02,2333,2936,2179,2536, Aubrey Stokes
3,2179,221,USA,Female,3/28/2013,Operation,Washington,Exempt,Yes,110306,0.02,2333,2936,2179,2536, Aubrey Stokes
1,2333,221,USA,Female,3/28/2013,Operation,Washington,Exempt,Yes,110306,0.02,2333,2936,2179,2536, Aubrey Stokes
4,3207,222,USA,Female,3/5/2015,Legal,Washington,Exempt,No,115253,,2758,4492,4094,3207, Cedric Erickson
2,4492,222,USA,Female,3/5/2015,Legal,Washington,Exempt,No,115253,,2758,4492,4094,3207, Cedric Erickson
3,4094,222,USA,Female,3/5/2015,Legal,Washington,Exempt,No,115253,,2758,4492,4094,3207, Cedric Erickson
1,2758,222,USA,Female,3/5/2015,Legal,Washington,Exempt,No,115253,,2758,4492,4094,3207, Cedric Erickson
4,3704,223,Indian,Female,6/4/2015,Finance,Washington,Exempt,No,113965,,2045,2296,1729,3704, Hugo Welch
2,2296,223,Indian,Female,6/4/2015,Finance,Washington,Exempt,No,113965,,2045,2296,1729,3704, Hugo Welch
3,1729,223,Indian,Female,6/4/2015,Finance,Washington,Exempt,No,113965,,2045,2296,1729,3704, Hugo Welch
1,2045,223,Indian,Female,6/4/2015,Finance,Washington,Exempt,No,113965,,2045,2296,1729,3704, Hugo Welch
4,1359,224,Indian,Female,8/26/2016,BI,Washington,Exempt,No,123965,,1497,3020,3289,1359, Louis Sims
2,3020,224,Indian,Female,8/26/2016,BI,Washington,Exempt,No,123965,,1497,3020,3289,1359, Louis Sims
3,3289,224,Indian,Female,8/26/2016,BI,Washington,Exempt,No,123965,,1497,3020,3289,1359, Louis Sims
1,1497,224,Indian,Female,8/26/2016,BI,Washington,Exempt,No,123965,,1497,3020,3289,1359, Louis Sims
4,1100,225,Indian,Male,10/16/2014,Tech Support,Washington,Exempt,No,186253,,3941,1682,3786,1100, Bessie Freeman
2,1682,225,Indian,Male,10/16/2014,Tech Support,Washington,Exempt,No,186253,,3941,1682,3786,1100, Bessie Freeman
3,3786,225,Indian,Male,10/16/2014,Tech Support,Washington,Exempt,No,186253,,3941,1682,3786,1100, Bessie Freeman
1,3941,225,Indian,Male,10/16/2014,Tech Support,Washington,Exempt,No,186253,,3941,1682,3786,1100, Bessie Freeman
4,1804,226,USA,Male,8/30/2012,Legal,Washington,Exempt,No,123965,0.065454560,2552,3718,1059,1804, Inez Bell
2,3718,226,USA,Male,8/30/2012,Legal,Washington,Exempt,No,123965,0.065454560,2552,3718,1059,1804, Inez Bell
3,1059,226,USA,Male,8/30/2012,Legal,Washington,Exempt,No,123965,0.065454560,2552,3718,1059,1804, Inez Bell
1,2552,226,USA,Male,8/30/2012,Legal,Washington,Exempt,No,123965,0.065454560,2552,3718,1059,1804, Inez Bell
